id_comentario,fecha,username,texto,foto
1,8/16/2015,mrosiello0,Keep it up!,http://dummyimage.com/228x100.png/cc0000/ffffff
2,1/20/2014,jpingstone1,Great job!,http://dummyimage.com/135x100.png/5fa2dd/ffffff
3,1/15/2010,xwhittles2,Keep it up!,http://dummyimage.com/239x100.png/cc0000/ffffff
4,1/4/2017,agrantham3,Well done!,http://dummyimage.com/110x100.png/5fa2dd/ffffff
5,4/29/2010,sbeer4,Nice work!,http://dummyimage.com/248x100.png/5fa2dd/ffffff
6,7/13/2016,tyardy5,Keep it up!,http://dummyimage.com/211x100.png/ff4444/ffffff
7,11/6/2008,ldarke6,Keep it up!,http://dummyimage.com/150x100.png/ff4444/ffffff
8,12/26/2011,rhounsom7,Impressive!,http://dummyimage.com/225x100.png/5fa2dd/ffffff
9,5/3/2013,tsever8,Keep it up!,http://dummyimage.com/177x100.png/5fa2dd/ffffff
10,10/1/2013,boreagan9,Nice work!,http://dummyimage.com/119x100.png/5fa2dd/ffffff
11,11/18/2016,agodbolta,Impressive!,http://dummyimage.com/172x100.png/5fa2dd/ffffff
12,2/27/2014,gboylundb,Well done!,http://dummyimage.com/217x100.png/dddddd/000000
13,10/9/2022,egantc,Keep it up!,http://dummyimage.com/110x100.png/ff4444/ffffff
14,9/30/2019,dnottond,Great job!,http://dummyimage.com/107x100.png/5fa2dd/ffffff
15,4/16/2014,mamdohre,Great job!,http://dummyimage.com/103x100.png/ff4444/ffffff
16,6/25/2010,alesterf,Nice work!,http://dummyimage.com/216x100.png/dddddd/000000
17,8/15/2012,gcallardg,Nice work!,http://dummyimage.com/208x100.png/5fa2dd/ffffff
18,10/22/2024,acunioh,Impressive!,http://dummyimage.com/242x100.png/dddddd/000000
19,11/25/2013,flowryi,Impressive!,http://dummyimage.com/199x100.png/dddddd/000000
20,6/11/2012,sbellanyj,Well done!,http://dummyimage.com/188x100.png/dddddd/000000
21,6/20/2021,ncardinalk,Well done!,http://dummyimage.com/218x100.png/5fa2dd/ffffff
22,8/2/2016,ikemmeyl,Impressive!,http://dummyimage.com/222x100.png/ff4444/ffffff
23,1/4/2021,rmcdonaghm,Impressive!,http://dummyimage.com/107x100.png/ff4444/ffffff
24,3/12/2014,dgrogonon,Keep it up!,http://dummyimage.com/227x100.png/5fa2dd/ffffff
25,7/18/2024,bcanelaso,Impressive!,http://dummyimage.com/204x100.png/cc0000/ffffff
26,2/2/2017,tgallerp,Keep it up!,http://dummyimage.com/209x100.png/ff4444/ffffff
27,9/28/2022,atouseyq,Keep it up!,http://dummyimage.com/195x100.png/5fa2dd/ffffff
28,10/27/2016,acalverr,Nice work!,http://dummyimage.com/167x100.png/ff4444/ffffff
29,4/18/2012,bdavydochs,Impressive!,http://dummyimage.com/153x100.png/5fa2dd/ffffff
30,3/9/2010,adunbart,Nice work!,http://dummyimage.com/121x100.png/cc0000/ffffff
31,9/23/2016,abearhamu,Great job!,http://dummyimage.com/226x100.png/dddddd/000000
32,9/26/2017,curlichv,Well done!,http://dummyimage.com/190x100.png/cc0000/ffffff
33,7/22/2013,gasplinw,Impressive!,http://dummyimage.com/239x100.png/dddddd/000000
34,12/26/2014,wgherarduccix,Nice work!,http://dummyimage.com/204x100.png/5fa2dd/ffffff
35,1/8/2021,mbickfordy,Keep it up!,http://dummyimage.com/208x100.png/cc0000/ffffff
36,12/24/2020,rflannz,Well done!,http://dummyimage.com/232x100.png/dddddd/000000
37,10/11/2024,flepruvost10,Keep it up!,http://dummyimage.com/205x100.png/ff4444/ffffff
38,1/12/2019,gtrevarthen11,Nice work!,http://dummyimage.com/230x100.png/cc0000/ffffff
39,8/9/2018,slarret12,Well done!,http://dummyimage.com/218x100.png/cc0000/ffffff
40,4/21/2021,ishergill13,Keep it up!,http://dummyimage.com/225x100.png/dddddd/000000
41,10/23/2019,aarger14,Impressive!,http://dummyimage.com/230x100.png/5fa2dd/ffffff
42,1/21/2019,cbransdon15,Keep it up!,http://dummyimage.com/105x100.png/cc0000/ffffff
43,7/5/2019,nlaverack16,Impressive!,http://dummyimage.com/150x100.png/ff4444/ffffff
44,11/18/2019,pantoniat17,Nice work!,http://dummyimage.com/102x100.png/cc0000/ffffff
45,4/27/2009,ebussy18,Nice work!,http://dummyimage.com/213x100.png/ff4444/ffffff
46,7/5/2016,horris19,Well done!,http://dummyimage.com/177x100.png/5fa2dd/ffffff
47,8/18/2021,lmanass1a,Great job!,http://dummyimage.com/170x100.png/cc0000/ffffff
48,5/16/2008,fgrocock1b,Nice work!,http://dummyimage.com/105x100.png/5fa2dd/ffffff
49,10/21/2009,pgell1c,Great job!,http://dummyimage.com/202x100.png/cc0000/ffffff
50,11/5/2008,nhaldane1d,Impressive!,http://dummyimage.com/125x100.png/5fa2dd/ffffff
51,3/2/2016,obedford1e,Impressive!,http://dummyimage.com/232x100.png/dddddd/000000
52,10/18/2008,lgoodburn1f,Nice work!,http://dummyimage.com/117x100.png/cc0000/ffffff
53,5/15/2024,mmaycock1g,Impressive!,http://dummyimage.com/178x100.png/cc0000/ffffff
54,3/7/2009,kmalter1h,Impressive!,http://dummyimage.com/112x100.png/ff4444/ffffff
55,6/18/2024,rgobeau1i,Well done!,http://dummyimage.com/178x100.png/cc0000/ffffff
56,7/11/2022,lsilversmid1j,Nice work!,http://dummyimage.com/188x100.png/cc0000/ffffff
57,3/4/2016,pcastellet1k,Keep it up!,http://dummyimage.com/116x100.png/ff4444/ffffff
58,1/28/2019,halabone1l,Well done!,http://dummyimage.com/206x100.png/5fa2dd/ffffff
59,11/29/2016,bpiotr1m,Nice work!,http://dummyimage.com/242x100.png/ff4444/ffffff
60,8/19/2018,lrozzier1n,Impressive!,http://dummyimage.com/152x100.png/ff4444/ffffff
61,2/8/2013,pmaccathay1o,Great job!,http://dummyimage.com/250x100.png/ff4444/ffffff
62,3/6/2015,rmungin1p,Keep it up!,http://dummyimage.com/199x100.png/ff4444/ffffff
63,12/20/2021,wsoftley1q,Great job!,http://dummyimage.com/218x100.png/dddddd/000000
64,5/7/2018,sberriball1r,Well done!,http://dummyimage.com/158x100.png/5fa2dd/ffffff
65,8/31/2021,bhutcheson1s,Nice work!,http://dummyimage.com/118x100.png/dddddd/000000
66,1/25/2017,cimmins1t,Great job!,http://dummyimage.com/125x100.png/5fa2dd/ffffff
67,3/9/2016,cbamlett1u,Well done!,http://dummyimage.com/249x100.png/5fa2dd/ffffff
68,8/24/2019,oixor1v,Great job!,http://dummyimage.com/214x100.png/ff4444/ffffff
69,5/15/2010,agavaran1w,Nice work!,http://dummyimage.com/157x100.png/ff4444/ffffff
70,12/9/2013,babrahamian1x,Keep it up!,http://dummyimage.com/223x100.png/5fa2dd/ffffff
71,4/25/2021,bspinas1y,Keep it up!,http://dummyimage.com/146x100.png/ff4444/ffffff
72,4/25/2015,ebelding1z,Great job!,http://dummyimage.com/189x100.png/cc0000/ffffff
73,7/24/2022,tbaszkiewicz20,Keep it up!,http://dummyimage.com/203x100.png/ff4444/ffffff
74,6/6/2024,cbowhay21,Well done!,http://dummyimage.com/147x100.png/5fa2dd/ffffff
75,8/27/2008,nkornilyev22,Great job!,http://dummyimage.com/165x100.png/cc0000/ffffff
76,3/9/2023,tblanket23,Nice work!,http://dummyimage.com/134x100.png/5fa2dd/ffffff
77,6/12/2022,diorizzo24,Keep it up!,http://dummyimage.com/135x100.png/5fa2dd/ffffff
78,9/14/2011,rpenniell25,Great job!,http://dummyimage.com/113x100.png/cc0000/ffffff
79,2/6/2017,aalliband26,Nice work!,http://dummyimage.com/162x100.png/5fa2dd/ffffff
80,2/18/2017,jomar27,Nice work!,http://dummyimage.com/241x100.png/dddddd/000000
81,11/14/2009,dpaulusch28,Great job!,http://dummyimage.com/220x100.png/dddddd/000000
82,8/25/2010,kbardwell29,Keep it up!,http://dummyimage.com/196x100.png/ff4444/ffffff
83,4/4/2013,chouson2a,Impressive!,http://dummyimage.com/176x100.png/ff4444/ffffff
84,8/14/2019,nbodemeaid2b,Great job!,http://dummyimage.com/221x100.png/cc0000/ffffff
85,6/16/2022,cdenajera2c,Impressive!,http://dummyimage.com/164x100.png/5fa2dd/ffffff
86,1/10/2014,tmonckman2d,Keep it up!,http://dummyimage.com/117x100.png/ff4444/ffffff
87,8/6/2017,jgreaterex2e,Keep it up!,http://dummyimage.com/194x100.png/ff4444/ffffff
88,9/10/2015,tcraxford2f,Keep it up!,http://dummyimage.com/171x100.png/cc0000/ffffff
89,4/20/2016,mdradey2g,Well done!,http://dummyimage.com/229x100.png/5fa2dd/ffffff
90,9/15/2013,rhawtry2h,Keep it up!,http://dummyimage.com/113x100.png/cc0000/ffffff
91,4/16/2024,jkarys2i,Great job!,http://dummyimage.com/209x100.png/ff4444/ffffff
92,10/31/2010,bfendley2j,Great job!,http://dummyimage.com/212x100.png/cc0000/ffffff
93,9/1/2019,emctaggart2k,Nice work!,http://dummyimage.com/124x100.png/cc0000/ffffff
94,7/22/2020,tgrewcock2l,Keep it up!,http://dummyimage.com/201x100.png/dddddd/000000
95,3/5/2013,zcoulthard2m,Well done!,http://dummyimage.com/112x100.png/5fa2dd/ffffff
96,1/13/2019,mdouce2n,Nice work!,http://dummyimage.com/141x100.png/ff4444/ffffff
97,12/24/2022,rpedersen2o,Keep it up!,http://dummyimage.com/144x100.png/ff4444/ffffff
98,10/28/2012,jyeaman2p,Keep it up!,http://dummyimage.com/116x100.png/dddddd/000000
99,10/30/2024,ctesdale2q,Great job!,http://dummyimage.com/232x100.png/5fa2dd/ffffff
100,11/19/2024,rduns2r,Keep it up!,http://dummyimage.com/104x100.png/ff4444/ffffff
101,12/11/2009,tthacker2s,Keep it up!,http://dummyimage.com/111x100.png/ff4444/ffffff
102,10/28/2015,nfriett2t,Keep it up!,http://dummyimage.com/114x100.png/cc0000/ffffff
103,7/14/2015,enaylor2u,Nice work!,http://dummyimage.com/150x100.png/ff4444/ffffff
104,2/19/2018,sdownie2v,Well done!,http://dummyimage.com/154x100.png/ff4444/ffffff
105,10/24/2024,kblackley2w,Great job!,http://dummyimage.com/172x100.png/5fa2dd/ffffff
106,11/10/2017,tdyble2x,Keep it up!,http://dummyimage.com/224x100.png/5fa2dd/ffffff
107,6/5/2015,geliesco2y,Impressive!,http://dummyimage.com/188x100.png/ff4444/ffffff
108,2/19/2024,oalbrook2z,Well done!,http://dummyimage.com/201x100.png/5fa2dd/ffffff
109,11/29/2012,slegrave30,Impressive!,http://dummyimage.com/103x100.png/cc0000/ffffff
110,10/29/2014,gtempleton31,Well done!,http://dummyimage.com/138x100.png/5fa2dd/ffffff
111,8/26/2020,dhulmes32,Keep it up!,http://dummyimage.com/223x100.png/ff4444/ffffff
112,4/3/2017,etottie33,Impressive!,http://dummyimage.com/237x100.png/dddddd/000000
113,3/13/2015,mratke34,Impressive!,http://dummyimage.com/100x100.png/5fa2dd/ffffff
114,1/3/2009,cscoggin35,Great job!,http://dummyimage.com/226x100.png/5fa2dd/ffffff
115,11/24/2023,llangfitt36,Keep it up!,http://dummyimage.com/243x100.png/ff4444/ffffff
116,8/12/2024,hmetzig37,Nice work!,http://dummyimage.com/182x100.png/ff4444/ffffff
117,9/28/2020,jlay38,Keep it up!,http://dummyimage.com/132x100.png/dddddd/000000
118,7/15/2023,pcutill39,Impressive!,http://dummyimage.com/179x100.png/dddddd/000000
119,10/22/2015,vgapper3a,Well done!,http://dummyimage.com/144x100.png/cc0000/ffffff
120,1/8/2012,bseabright3b,Great job!,http://dummyimage.com/172x100.png/cc0000/ffffff
121,3/4/2021,ksaward3c,Great job!,http://dummyimage.com/135x100.png/ff4444/ffffff
122,10/28/2022,cmccoveney3d,Keep it up!,http://dummyimage.com/123x100.png/ff4444/ffffff
123,4/6/2012,jfotheringham3e,Impressive!,http://dummyimage.com/186x100.png/dddddd/000000
124,12/13/2010,kbalk3f,Impressive!,http://dummyimage.com/230x100.png/ff4444/ffffff
125,4/3/2017,ctourle3g,Keep it up!,http://dummyimage.com/215x100.png/ff4444/ffffff
126,8/4/2022,esproul3h,Nice work!,http://dummyimage.com/212x100.png/ff4444/ffffff
127,3/30/2021,whazelgrove3i,Great job!,http://dummyimage.com/246x100.png/5fa2dd/ffffff
128,2/7/2012,tghione3j,Keep it up!,http://dummyimage.com/167x100.png/5fa2dd/ffffff
129,7/8/2012,fdarbey3k,Impressive!,http://dummyimage.com/139x100.png/ff4444/ffffff
130,12/25/2014,adilliston3l,Nice work!,http://dummyimage.com/164x100.png/5fa2dd/ffffff
131,5/1/2021,lquinnet3m,Keep it up!,http://dummyimage.com/237x100.png/dddddd/000000
132,11/20/2024,agrayley3n,Well done!,http://dummyimage.com/147x100.png/dddddd/000000
133,6/5/2023,mdoggerell3o,Impressive!,http://dummyimage.com/171x100.png/cc0000/ffffff
134,8/4/2023,mfery3p,Well done!,http://dummyimage.com/216x100.png/dddddd/000000
135,11/16/2014,lbrocks3q,Impressive!,http://dummyimage.com/199x100.png/ff4444/ffffff
136,8/1/2021,gmunnery3r,Impressive!,http://dummyimage.com/170x100.png/5fa2dd/ffffff
137,4/7/2021,skobelt3s,Nice work!,http://dummyimage.com/170x100.png/dddddd/000000
138,3/17/2008,tthorrold3t,Well done!,http://dummyimage.com/216x100.png/dddddd/000000
139,8/25/2023,rlusher3u,Keep it up!,http://dummyimage.com/211x100.png/cc0000/ffffff
140,12/31/2015,grundle3v,Well done!,http://dummyimage.com/226x100.png/dddddd/000000
141,6/8/2008,gjoubert3w,Impressive!,http://dummyimage.com/189x100.png/ff4444/ffffff
142,1/9/2012,fkleinplac3x,Keep it up!,http://dummyimage.com/203x100.png/ff4444/ffffff
143,1/24/2017,arotter3y,Impressive!,http://dummyimage.com/234x100.png/5fa2dd/ffffff
144,3/11/2016,hrosenbush3z,Impressive!,http://dummyimage.com/144x100.png/dddddd/000000
145,10/30/2019,agarlick40,Impressive!,http://dummyimage.com/108x100.png/dddddd/000000
146,2/18/2012,abricksey41,Nice work!,http://dummyimage.com/241x100.png/ff4444/ffffff
147,3/30/2011,isilverthorn42,Impressive!,http://dummyimage.com/170x100.png/ff4444/ffffff
148,7/25/2011,klodge43,Great job!,http://dummyimage.com/229x100.png/cc0000/ffffff
149,1/12/2014,gprando44,Well done!,http://dummyimage.com/191x100.png/5fa2dd/ffffff
150,2/24/2018,vhollyer45,Well done!,http://dummyimage.com/186x100.png/cc0000/ffffff
151,4/18/2016,iinkpin46,Well done!,http://dummyimage.com/214x100.png/ff4444/ffffff
152,12/26/2012,tbiernacki47,Impressive!,http://dummyimage.com/132x100.png/ff4444/ffffff
153,5/14/2013,vwhibley48,Impressive!,http://dummyimage.com/167x100.png/5fa2dd/ffffff
154,3/7/2023,rdisbury49,Great job!,http://dummyimage.com/167x100.png/cc0000/ffffff
155,8/23/2010,mcattrall4a,Keep it up!,http://dummyimage.com/234x100.png/ff4444/ffffff
156,2/19/2019,gcocci4b,Nice work!,http://dummyimage.com/122x100.png/ff4444/ffffff
157,6/14/2017,tgatrell4c,Nice work!,http://dummyimage.com/173x100.png/cc0000/ffffff
158,3/16/2019,scuchey4d,Nice work!,http://dummyimage.com/137x100.png/ff4444/ffffff
159,10/23/2009,taxleby4e,Great job!,http://dummyimage.com/145x100.png/ff4444/ffffff
160,3/8/2019,dpridgeon4f,Well done!,http://dummyimage.com/242x100.png/ff4444/ffffff
161,9/15/2012,kcrucetti4g,Impressive!,http://dummyimage.com/236x100.png/5fa2dd/ffffff
162,11/14/2023,asaggs4h,Great job!,http://dummyimage.com/206x100.png/5fa2dd/ffffff
163,1/5/2011,lspaldin4i,Great job!,http://dummyimage.com/125x100.png/dddddd/000000
164,5/27/2009,nputt4j,Nice work!,http://dummyimage.com/110x100.png/5fa2dd/ffffff
165,6/13/2018,aebden4k,Well done!,http://dummyimage.com/147x100.png/ff4444/ffffff
166,2/21/2014,dnorledge4l,Great job!,http://dummyimage.com/229x100.png/dddddd/000000
167,1/10/2024,cmccaskill4m,Impressive!,http://dummyimage.com/170x100.png/cc0000/ffffff
168,11/28/2020,jcornau4n,Nice work!,http://dummyimage.com/246x100.png/cc0000/ffffff
169,2/13/2020,crichardot4o,Great job!,http://dummyimage.com/221x100.png/dddddd/000000
170,11/16/2017,dcowpland4p,Great job!,http://dummyimage.com/103x100.png/5fa2dd/ffffff
171,9/23/2012,htenpenny4q,Keep it up!,http://dummyimage.com/184x100.png/cc0000/ffffff
172,2/12/2014,hdykes4r,Nice work!,http://dummyimage.com/178x100.png/ff4444/ffffff
173,8/9/2018,dmetheringham4s,Impressive!,http://dummyimage.com/122x100.png/cc0000/ffffff
174,3/16/2024,scallaway4t,Nice work!,http://dummyimage.com/202x100.png/5fa2dd/ffffff
175,11/18/2015,sjoska4u,Great job!,http://dummyimage.com/244x100.png/dddddd/000000
176,10/25/2009,mhatherleigh4v,Impressive!,http://dummyimage.com/243x100.png/cc0000/ffffff
177,12/3/2011,kdottridge4w,Impressive!,http://dummyimage.com/190x100.png/5fa2dd/ffffff
178,2/6/2011,lshegog4x,Nice work!,http://dummyimage.com/218x100.png/ff4444/ffffff
179,3/8/2009,fmacneilley4y,Impressive!,http://dummyimage.com/211x100.png/cc0000/ffffff
180,5/29/2020,dgreenlies4z,Keep it up!,http://dummyimage.com/214x100.png/dddddd/000000
181,6/9/2011,jquarterman50,Great job!,http://dummyimage.com/109x100.png/5fa2dd/ffffff
182,11/5/2008,tslaight51,Keep it up!,http://dummyimage.com/207x100.png/5fa2dd/ffffff
183,10/20/2019,cmoughton52,Well done!,http://dummyimage.com/209x100.png/5fa2dd/ffffff
184,12/28/2008,jnizet53,Keep it up!,http://dummyimage.com/218x100.png/cc0000/ffffff
185,11/3/2023,eberston54,Well done!,http://dummyimage.com/155x100.png/5fa2dd/ffffff
186,4/20/2015,mprangley55,Impressive!,http://dummyimage.com/245x100.png/ff4444/ffffff
187,9/18/2021,bklugel56,Impressive!,http://dummyimage.com/205x100.png/5fa2dd/ffffff
188,8/11/2011,trathe57,Nice work!,http://dummyimage.com/248x100.png/cc0000/ffffff
189,3/28/2020,nbafford58,Great job!,http://dummyimage.com/112x100.png/dddddd/000000
190,10/5/2022,htatteshall59,Impressive!,http://dummyimage.com/222x100.png/ff4444/ffffff
191,11/9/2018,dbingle5a,Well done!,http://dummyimage.com/222x100.png/ff4444/ffffff
192,8/31/2015,fbourke5b,Well done!,http://dummyimage.com/158x100.png/dddddd/000000
193,8/30/2011,hpickles5c,Keep it up!,http://dummyimage.com/235x100.png/cc0000/ffffff
194,10/7/2015,qsailer5d,Great job!,http://dummyimage.com/148x100.png/5fa2dd/ffffff
195,2/9/2017,cnewton5e,Great job!,http://dummyimage.com/250x100.png/5fa2dd/ffffff
196,9/12/2011,smurton5f,Impressive!,http://dummyimage.com/159x100.png/dddddd/000000
197,2/18/2019,hcormack5g,Well done!,http://dummyimage.com/226x100.png/dddddd/000000
198,5/23/2014,gdanforth5h,Great job!,http://dummyimage.com/101x100.png/cc0000/ffffff
199,10/14/2009,cfairest5i,Keep it up!,http://dummyimage.com/202x100.png/5fa2dd/ffffff
200,12/23/2014,djeanes5j,Well done!,http://dummyimage.com/225x100.png/dddddd/000000
201,2/8/2025,bomond5k,Keep it up!,http://dummyimage.com/113x100.png/ff4444/ffffff
202,8/31/2017,rernshaw5l,Great job!,http://dummyimage.com/174x100.png/5fa2dd/ffffff
203,4/21/2022,jdumbelton5m,Impressive!,http://dummyimage.com/127x100.png/dddddd/000000
204,12/14/2022,mscarf5n,Impressive!,http://dummyimage.com/101x100.png/ff4444/ffffff
205,1/22/2010,hklemmt5o,Impressive!,http://dummyimage.com/137x100.png/ff4444/ffffff
206,8/2/2012,bmoores5p,Impressive!,http://dummyimage.com/214x100.png/ff4444/ffffff
207,10/6/2016,twadeling5q,Keep it up!,http://dummyimage.com/172x100.png/ff4444/ffffff
208,2/20/2025,eadenot5r,Keep it up!,http://dummyimage.com/196x100.png/5fa2dd/ffffff
209,10/11/2021,jwhyley5s,Well done!,http://dummyimage.com/175x100.png/dddddd/000000
210,7/19/2017,bnutbeem5t,Impressive!,http://dummyimage.com/181x100.png/cc0000/ffffff
211,6/6/2014,dswindley5u,Great job!,http://dummyimage.com/123x100.png/ff4444/ffffff
212,4/10/2013,eearly5v,Impressive!,http://dummyimage.com/145x100.png/dddddd/000000
213,7/24/2015,gzelley5w,Nice work!,http://dummyimage.com/189x100.png/ff4444/ffffff
214,4/6/2023,bstebbings5x,Well done!,http://dummyimage.com/174x100.png/ff4444/ffffff
215,5/11/2018,bcleiment5y,Great job!,http://dummyimage.com/161x100.png/cc0000/ffffff
216,8/22/2017,gdiego5z,Keep it up!,http://dummyimage.com/179x100.png/cc0000/ffffff
217,4/2/2022,cpantling60,Well done!,http://dummyimage.com/161x100.png/cc0000/ffffff
218,4/17/2010,atwiggins61,Well done!,http://dummyimage.com/135x100.png/ff4444/ffffff
219,8/12/2012,fhubber62,Impressive!,http://dummyimage.com/197x100.png/5fa2dd/ffffff
220,10/28/2009,hdavidzon63,Great job!,http://dummyimage.com/246x100.png/5fa2dd/ffffff
221,7/19/2024,rgeorgeau64,Well done!,http://dummyimage.com/102x100.png/dddddd/000000
222,11/9/2016,sbathowe65,Well done!,http://dummyimage.com/153x100.png/ff4444/ffffff
223,8/9/2020,hbrolly66,Well done!,http://dummyimage.com/236x100.png/cc0000/ffffff
224,5/22/2008,aoverstreet67,Impressive!,http://dummyimage.com/213x100.png/ff4444/ffffff
225,7/18/2021,bkeary68,Keep it up!,http://dummyimage.com/163x100.png/5fa2dd/ffffff
226,7/20/2008,hlilburne69,Well done!,http://dummyimage.com/172x100.png/ff4444/ffffff
227,9/1/2015,kdaens6a,Nice work!,http://dummyimage.com/172x100.png/ff4444/ffffff
228,2/16/2025,tdur6b,Nice work!,http://dummyimage.com/130x100.png/5fa2dd/ffffff
229,2/10/2010,lvenditto6c,Great job!,http://dummyimage.com/100x100.png/ff4444/ffffff
230,11/16/2008,acomberbeach6d,Impressive!,http://dummyimage.com/204x100.png/cc0000/ffffff
231,6/2/2010,jdennis6e,Great job!,http://dummyimage.com/232x100.png/5fa2dd/ffffff
232,9/19/2024,rlosano6f,Keep it up!,http://dummyimage.com/230x100.png/ff4444/ffffff
233,8/6/2014,mheffernon6g,Impressive!,http://dummyimage.com/179x100.png/5fa2dd/ffffff
234,1/19/2010,hheis6h,Great job!,http://dummyimage.com/157x100.png/cc0000/ffffff
235,10/31/2015,rplaistowe6i,Nice work!,http://dummyimage.com/245x100.png/cc0000/ffffff
236,4/12/2014,gstanyon6j,Great job!,http://dummyimage.com/126x100.png/dddddd/000000
237,8/2/2019,rtidgewell6k,Well done!,http://dummyimage.com/201x100.png/5fa2dd/ffffff
238,3/22/2011,fharmon6l,Keep it up!,http://dummyimage.com/209x100.png/5fa2dd/ffffff
239,5/17/2015,gduhamel6m,Great job!,http://dummyimage.com/168x100.png/dddddd/000000
240,2/20/2025,foshiel6n,Keep it up!,http://dummyimage.com/243x100.png/ff4444/ffffff
241,10/14/2013,smclarty6o,Great job!,http://dummyimage.com/160x100.png/cc0000/ffffff
242,5/30/2009,ayitzhak6p,Nice work!,http://dummyimage.com/105x100.png/ff4444/ffffff
243,11/24/2017,oaspinell6q,Nice work!,http://dummyimage.com/126x100.png/ff4444/ffffff
244,9/8/2008,fburtonwood6r,Great job!,http://dummyimage.com/136x100.png/dddddd/000000
245,1/14/2021,bwhorlow6s,Nice work!,http://dummyimage.com/108x100.png/dddddd/000000
246,8/14/2016,tgruszka6t,Well done!,http://dummyimage.com/111x100.png/cc0000/ffffff
247,6/26/2017,dchanson6u,Great job!,http://dummyimage.com/169x100.png/5fa2dd/ffffff
248,5/2/2017,hquartermaine6v,Keep it up!,http://dummyimage.com/237x100.png/ff4444/ffffff
249,3/12/2022,dsakins6w,Well done!,http://dummyimage.com/161x100.png/dddddd/000000
250,6/3/2019,gcobby6x,Great job!,http://dummyimage.com/154x100.png/dddddd/000000
251,5/31/2019,awilliscroft6y,Impressive!,http://dummyimage.com/216x100.png/5fa2dd/ffffff
252,3/13/2024,twoolland6z,Nice work!,http://dummyimage.com/172x100.png/ff4444/ffffff
253,10/19/2008,bcleiment70,Great job!,http://dummyimage.com/150x100.png/cc0000/ffffff
254,2/18/2015,dkolakovic71,Well done!,http://dummyimage.com/132x100.png/dddddd/000000
255,11/2/2011,kleechman72,Well done!,http://dummyimage.com/138x100.png/cc0000/ffffff
256,12/19/2012,kbatiste73,Keep it up!,http://dummyimage.com/239x100.png/ff4444/ffffff
257,11/9/2019,scoulthard74,Keep it up!,http://dummyimage.com/186x100.png/ff4444/ffffff
258,9/30/2015,aheak75,Impressive!,http://dummyimage.com/196x100.png/5fa2dd/ffffff
259,9/27/2024,grhoddie76,Great job!,http://dummyimage.com/214x100.png/cc0000/ffffff
260,5/4/2016,gsimpkin77,Keep it up!,http://dummyimage.com/119x100.png/5fa2dd/ffffff
261,6/23/2016,nsoulsby78,Nice work!,http://dummyimage.com/151x100.png/dddddd/000000
262,10/7/2024,mriseborough79,Great job!,http://dummyimage.com/124x100.png/ff4444/ffffff
263,3/18/2022,edoxsey7a,Well done!,http://dummyimage.com/238x100.png/dddddd/000000
264,9/9/2008,kcrosston7b,Nice work!,http://dummyimage.com/104x100.png/5fa2dd/ffffff
265,5/25/2017,lmengo7c,Keep it up!,http://dummyimage.com/165x100.png/5fa2dd/ffffff
266,12/9/2015,sivanchin7d,Great job!,http://dummyimage.com/236x100.png/dddddd/000000
267,9/15/2022,hminigo7e,Impressive!,http://dummyimage.com/198x100.png/dddddd/000000
268,1/24/2015,cfenby7f,Well done!,http://dummyimage.com/158x100.png/ff4444/ffffff
269,7/15/2019,pregina7g,Great job!,http://dummyimage.com/141x100.png/5fa2dd/ffffff
270,3/30/2022,lcaffin7h,Well done!,http://dummyimage.com/141x100.png/cc0000/ffffff
271,2/1/2011,cpetegree7i,Nice work!,http://dummyimage.com/183x100.png/cc0000/ffffff
272,9/7/2013,lperegrine7j,Nice work!,http://dummyimage.com/207x100.png/dddddd/000000
273,11/9/2020,osircombe7k,Impressive!,http://dummyimage.com/142x100.png/ff4444/ffffff
274,12/25/2010,corring7l,Keep it up!,http://dummyimage.com/157x100.png/ff4444/ffffff
275,8/28/2009,pmorrel7m,Impressive!,http://dummyimage.com/122x100.png/dddddd/000000
276,11/23/2019,cduckett7n,Impressive!,http://dummyimage.com/245x100.png/dddddd/000000
277,2/9/2014,promaynes7o,Impressive!,http://dummyimage.com/239x100.png/dddddd/000000
278,11/4/2019,gcripin7p,Great job!,http://dummyimage.com/158x100.png/ff4444/ffffff
279,12/1/2016,pcollocott7q,Keep it up!,http://dummyimage.com/183x100.png/5fa2dd/ffffff
280,5/15/2013,lmackaile7r,Impressive!,http://dummyimage.com/212x100.png/dddddd/000000
281,6/5/2012,stott7s,Nice work!,http://dummyimage.com/215x100.png/dddddd/000000
282,9/18/2017,ltavener7t,Great job!,http://dummyimage.com/185x100.png/cc0000/ffffff
283,12/31/2021,bizkoveski7u,Great job!,http://dummyimage.com/211x100.png/dddddd/000000
284,10/15/2010,lyantsev7v,Great job!,http://dummyimage.com/112x100.png/dddddd/000000
285,12/28/2012,zfewell7w,Keep it up!,http://dummyimage.com/132x100.png/ff4444/ffffff
286,7/25/2019,bbalderston7x,Impressive!,http://dummyimage.com/112x100.png/dddddd/000000
287,7/25/2015,cmccrostie7y,Nice work!,http://dummyimage.com/211x100.png/5fa2dd/ffffff
288,1/20/2014,ehaack7z,Well done!,http://dummyimage.com/123x100.png/ff4444/ffffff
289,3/15/2024,vpaoloni80,Well done!,http://dummyimage.com/149x100.png/5fa2dd/ffffff
290,11/27/2011,hshimwell81,Well done!,http://dummyimage.com/120x100.png/5fa2dd/ffffff
291,11/27/2021,awinchurch82,Well done!,http://dummyimage.com/137x100.png/cc0000/ffffff
292,1/9/2022,aknewstub83,Great job!,http://dummyimage.com/173x100.png/cc0000/ffffff
293,9/30/2013,emcmorran84,Well done!,http://dummyimage.com/237x100.png/ff4444/ffffff
294,8/31/2020,rkonke85,Nice work!,http://dummyimage.com/102x100.png/5fa2dd/ffffff
295,2/21/2016,ltrevers86,Nice work!,http://dummyimage.com/105x100.png/cc0000/ffffff
296,1/8/2010,gelgee87,Keep it up!,http://dummyimage.com/147x100.png/ff4444/ffffff
297,10/24/2020,rwhittock88,Well done!,http://dummyimage.com/192x100.png/cc0000/ffffff
298,2/22/2015,braiman89,Impressive!,http://dummyimage.com/114x100.png/cc0000/ffffff
299,12/22/2013,iwarlawe8a,Well done!,http://dummyimage.com/238x100.png/dddddd/000000
300,8/21/2008,nsimes8b,Great job!,http://dummyimage.com/106x100.png/5fa2dd/ffffff
301,7/17/2023,bdinapoli8c,Nice work!,http://dummyimage.com/198x100.png/dddddd/000000
302,12/9/2008,aform8d,Nice work!,http://dummyimage.com/233x100.png/cc0000/ffffff
303,10/13/2008,tstoller8e,Nice work!,http://dummyimage.com/211x100.png/dddddd/000000
304,2/10/2022,vchoudhury8f,Great job!,http://dummyimage.com/221x100.png/5fa2dd/ffffff
305,1/24/2009,bpetras8g,Impressive!,http://dummyimage.com/125x100.png/5fa2dd/ffffff
306,10/17/2022,amcshirrie8h,Keep it up!,http://dummyimage.com/215x100.png/ff4444/ffffff
307,4/28/2024,charrowing8i,Keep it up!,http://dummyimage.com/156x100.png/cc0000/ffffff
308,10/22/2023,fcallis8j,Well done!,http://dummyimage.com/196x100.png/ff4444/ffffff
309,6/2/2013,dlukovic8k,Great job!,http://dummyimage.com/223x100.png/ff4444/ffffff
310,11/6/2010,cdewhurst8l,Impressive!,http://dummyimage.com/120x100.png/dddddd/000000
311,4/8/2014,hbarratt8m,Keep it up!,http://dummyimage.com/132x100.png/ff4444/ffffff
312,1/7/2014,twrankmore8n,Great job!,http://dummyimage.com/165x100.png/5fa2dd/ffffff
313,11/16/2012,vstronge8o,Impressive!,http://dummyimage.com/127x100.png/ff4444/ffffff
314,6/16/2013,sgulliver8p,Impressive!,http://dummyimage.com/172x100.png/dddddd/000000
315,4/30/2017,dpeascod8q,Nice work!,http://dummyimage.com/133x100.png/dddddd/000000
316,7/4/2022,tkoch8r,Impressive!,http://dummyimage.com/210x100.png/dddddd/000000
317,3/21/2023,ctatlowe8s,Keep it up!,http://dummyimage.com/176x100.png/cc0000/ffffff
318,6/15/2024,gmacgillivrie8t,Keep it up!,http://dummyimage.com/109x100.png/5fa2dd/ffffff
319,10/10/2008,lfoucher8u,Nice work!,http://dummyimage.com/210x100.png/cc0000/ffffff
320,5/9/2018,cbris8v,Great job!,http://dummyimage.com/196x100.png/5fa2dd/ffffff
321,9/7/2016,hkynman8w,Great job!,http://dummyimage.com/188x100.png/dddddd/000000
322,9/10/2010,neneas8x,Impressive!,http://dummyimage.com/191x100.png/ff4444/ffffff
323,2/8/2017,oemanuelli8y,Impressive!,http://dummyimage.com/227x100.png/5fa2dd/ffffff
324,6/11/2023,ksabati8z,Well done!,http://dummyimage.com/102x100.png/ff4444/ffffff
325,5/25/2016,ngiuroni90,Well done!,http://dummyimage.com/239x100.png/5fa2dd/ffffff
326,12/14/2015,adur91,Nice work!,http://dummyimage.com/184x100.png/ff4444/ffffff
327,2/13/2011,mminty92,Keep it up!,http://dummyimage.com/133x100.png/cc0000/ffffff
328,2/19/2018,praatz93,Great job!,http://dummyimage.com/130x100.png/ff4444/ffffff
329,1/18/2016,iyoskowitz94,Nice work!,http://dummyimage.com/159x100.png/cc0000/ffffff
330,12/17/2021,ggonin95,Keep it up!,http://dummyimage.com/146x100.png/dddddd/000000
331,1/5/2021,omillimoe96,Impressive!,http://dummyimage.com/123x100.png/5fa2dd/ffffff
332,9/21/2024,asprey97,Well done!,http://dummyimage.com/180x100.png/cc0000/ffffff
333,2/25/2016,buphill98,Well done!,http://dummyimage.com/242x100.png/5fa2dd/ffffff
334,12/27/2014,bmccafferky99,Keep it up!,http://dummyimage.com/217x100.png/ff4444/ffffff
335,9/17/2015,cberford9a,Great job!,http://dummyimage.com/235x100.png/ff4444/ffffff
336,1/12/2019,ovangeffen9b,Impressive!,http://dummyimage.com/127x100.png/ff4444/ffffff
337,7/2/2020,dbaggallay9c,Nice work!,http://dummyimage.com/227x100.png/dddddd/000000
338,7/11/2018,gdafforne9d,Nice work!,http://dummyimage.com/139x100.png/cc0000/ffffff
339,7/15/2017,dpedder9e,Keep it up!,http://dummyimage.com/205x100.png/5fa2dd/ffffff
340,7/28/2016,jmarkovich9f,Nice work!,http://dummyimage.com/160x100.png/dddddd/000000
341,9/5/2011,edunkirk9g,Well done!,http://dummyimage.com/135x100.png/dddddd/000000
342,11/7/2011,mbritto9h,Keep it up!,http://dummyimage.com/113x100.png/ff4444/ffffff
343,6/2/2022,tdirand9i,Keep it up!,http://dummyimage.com/118x100.png/5fa2dd/ffffff
344,3/27/2023,afloat9j,Well done!,http://dummyimage.com/102x100.png/dddddd/000000
345,12/11/2021,sstolworthy9k,Great job!,http://dummyimage.com/239x100.png/ff4444/ffffff
346,9/18/2010,oomara9l,Well done!,http://dummyimage.com/234x100.png/dddddd/000000
347,2/2/2017,bblackmoor9m,Impressive!,http://dummyimage.com/176x100.png/ff4444/ffffff
348,10/16/2020,bfosdyke9n,Great job!,http://dummyimage.com/103x100.png/cc0000/ffffff
349,12/5/2019,cjirsa9o,Great job!,http://dummyimage.com/223x100.png/cc0000/ffffff
350,3/10/2011,hclissold9p,Keep it up!,http://dummyimage.com/219x100.png/ff4444/ffffff
351,6/14/2010,pburburough9q,Great job!,http://dummyimage.com/191x100.png/ff4444/ffffff
352,2/28/2012,dconing9r,Nice work!,http://dummyimage.com/128x100.png/dddddd/000000
353,11/20/2024,ethonger9s,Impressive!,http://dummyimage.com/127x100.png/cc0000/ffffff
354,6/27/2016,gpree9t,Nice work!,http://dummyimage.com/243x100.png/5fa2dd/ffffff
355,10/20/2022,dsissot9u,Well done!,http://dummyimage.com/108x100.png/5fa2dd/ffffff
356,2/10/2025,tblaze9v,Nice work!,http://dummyimage.com/111x100.png/5fa2dd/ffffff
357,5/15/2024,brawlison9w,Great job!,http://dummyimage.com/171x100.png/dddddd/000000
358,5/29/2016,rdwerryhouse9x,Great job!,http://dummyimage.com/239x100.png/cc0000/ffffff
359,6/10/2010,djoron9y,Impressive!,http://dummyimage.com/128x100.png/dddddd/000000
360,6/6/2010,rsainz9z,Impressive!,http://dummyimage.com/189x100.png/ff4444/ffffff
361,5/8/2017,ikeersa0,Well done!,http://dummyimage.com/250x100.png/5fa2dd/ffffff
362,4/13/2018,ltrippa1,Impressive!,http://dummyimage.com/174x100.png/cc0000/ffffff
363,10/31/2012,dmavena2,Well done!,http://dummyimage.com/173x100.png/dddddd/000000
364,2/11/2010,rsheftona3,Great job!,http://dummyimage.com/231x100.png/5fa2dd/ffffff
365,3/27/2013,emccomea4,Keep it up!,http://dummyimage.com/169x100.png/dddddd/000000
366,5/4/2024,bdessenta5,Keep it up!,http://dummyimage.com/126x100.png/dddddd/000000
367,2/21/2010,blodovichia6,Nice work!,http://dummyimage.com/205x100.png/dddddd/000000
368,7/29/2012,nbeirnea7,Impressive!,http://dummyimage.com/143x100.png/5fa2dd/ffffff
369,11/28/2021,emephama8,Well done!,http://dummyimage.com/132x100.png/dddddd/000000
370,10/26/2009,mshortta9,Nice work!,http://dummyimage.com/166x100.png/dddddd/000000
371,9/2/2022,acrellimaa,Great job!,http://dummyimage.com/175x100.png/dddddd/000000
372,9/17/2014,aleirmonthab,Keep it up!,http://dummyimage.com/159x100.png/5fa2dd/ffffff
373,8/23/2021,hlangsburyac,Well done!,http://dummyimage.com/165x100.png/ff4444/ffffff
374,7/7/2008,mmulmurayad,Well done!,http://dummyimage.com/230x100.png/ff4444/ffffff
375,1/11/2017,emaggioriae,Well done!,http://dummyimage.com/221x100.png/ff4444/ffffff
376,7/6/2018,adillimoreaf,Impressive!,http://dummyimage.com/194x100.png/ff4444/ffffff
377,7/11/2021,rhaweag,Nice work!,http://dummyimage.com/191x100.png/5fa2dd/ffffff
378,1/13/2025,cdibiagioah,Nice work!,http://dummyimage.com/190x100.png/5fa2dd/ffffff
379,5/16/2012,ccannonai,Nice work!,http://dummyimage.com/141x100.png/cc0000/ffffff
380,1/9/2011,ehaquardaj,Impressive!,http://dummyimage.com/169x100.png/cc0000/ffffff
381,11/6/2016,tbulcroftak,Nice work!,http://dummyimage.com/149x100.png/5fa2dd/ffffff
382,8/1/2020,nwillcockal,Great job!,http://dummyimage.com/121x100.png/ff4444/ffffff
383,9/21/2019,lkitchasideam,Great job!,http://dummyimage.com/218x100.png/cc0000/ffffff
384,11/10/2015,rnurcombean,Well done!,http://dummyimage.com/175x100.png/5fa2dd/ffffff
385,7/1/2009,nfilippelloao,Great job!,http://dummyimage.com/160x100.png/cc0000/ffffff
386,6/26/2021,cebbrellap,Well done!,http://dummyimage.com/216x100.png/cc0000/ffffff
387,7/16/2016,bhaggettaq,Well done!,http://dummyimage.com/146x100.png/ff4444/ffffff
388,3/9/2008,bbrychanar,Well done!,http://dummyimage.com/136x100.png/dddddd/000000
389,12/13/2021,cduncombeas,Keep it up!,http://dummyimage.com/117x100.png/5fa2dd/ffffff
390,11/1/2024,abraamat,Impressive!,http://dummyimage.com/109x100.png/cc0000/ffffff
391,10/13/2017,dnewarteau,Nice work!,http://dummyimage.com/174x100.png/5fa2dd/ffffff
392,3/24/2010,lmorganav,Great job!,http://dummyimage.com/174x100.png/ff4444/ffffff
393,2/14/2019,ltobyaw,Impressive!,http://dummyimage.com/139x100.png/ff4444/ffffff
394,4/24/2009,rsapautonax,Great job!,http://dummyimage.com/138x100.png/cc0000/ffffff
395,2/16/2017,jsowtenay,Nice work!,http://dummyimage.com/240x100.png/dddddd/000000
396,5/16/2020,kantoninaz,Great job!,http://dummyimage.com/134x100.png/ff4444/ffffff
397,4/9/2008,dvanderhoogb0,Nice work!,http://dummyimage.com/213x100.png/5fa2dd/ffffff
398,1/16/2012,rmaclachlanb1,Impressive!,http://dummyimage.com/104x100.png/dddddd/000000
399,1/20/2010,aspottiswoodb2,Impressive!,http://dummyimage.com/144x100.png/5fa2dd/ffffff
400,1/18/2019,falvesb3,Well done!,http://dummyimage.com/223x100.png/ff4444/ffffff
401,2/9/2021,lsleafordb4,Great job!,http://dummyimage.com/135x100.png/ff4444/ffffff
402,12/22/2009,etraffordb5,Nice work!,http://dummyimage.com/138x100.png/ff4444/ffffff
403,8/14/2024,eeilhersenb6,Keep it up!,http://dummyimage.com/219x100.png/ff4444/ffffff
404,9/8/2019,lwalewskib7,Well done!,http://dummyimage.com/161x100.png/ff4444/ffffff
405,3/17/2022,scratereb8,Nice work!,http://dummyimage.com/116x100.png/cc0000/ffffff
406,4/17/2013,hrisbridgeb9,Great job!,http://dummyimage.com/246x100.png/cc0000/ffffff
407,6/9/2009,rchitsonba,Keep it up!,http://dummyimage.com/152x100.png/cc0000/ffffff
408,5/24/2024,smccardbb,Well done!,http://dummyimage.com/119x100.png/ff4444/ffffff
409,9/1/2020,eredmondbc,Keep it up!,http://dummyimage.com/231x100.png/dddddd/000000
410,6/24/2019,kstreightbd,Keep it up!,http://dummyimage.com/111x100.png/5fa2dd/ffffff
411,7/6/2013,jconmanbe,Great job!,http://dummyimage.com/226x100.png/dddddd/000000
412,5/13/2009,hchirmbf,Nice work!,http://dummyimage.com/179x100.png/5fa2dd/ffffff
413,3/26/2020,fcastillobg,Keep it up!,http://dummyimage.com/194x100.png/5fa2dd/ffffff
414,9/1/2020,kbaudonbh,Impressive!,http://dummyimage.com/113x100.png/ff4444/ffffff
415,11/11/2013,hgotfreybi,Nice work!,http://dummyimage.com/152x100.png/ff4444/ffffff
416,8/15/2021,ovalentettibj,Nice work!,http://dummyimage.com/214x100.png/dddddd/000000
417,7/16/2016,edovermannbk,Keep it up!,http://dummyimage.com/115x100.png/5fa2dd/ffffff
418,9/20/2017,pbartakbl,Keep it up!,http://dummyimage.com/195x100.png/5fa2dd/ffffff
419,11/2/2011,haustbm,Nice work!,http://dummyimage.com/227x100.png/5fa2dd/ffffff
420,3/16/2023,pmouncebn,Nice work!,http://dummyimage.com/125x100.png/cc0000/ffffff
421,3/7/2010,astoakesbo,Well done!,http://dummyimage.com/221x100.png/dddddd/000000
422,11/22/2022,qstranieribp,Keep it up!,http://dummyimage.com/151x100.png/cc0000/ffffff
423,7/27/2021,ctronibq,Well done!,http://dummyimage.com/240x100.png/ff4444/ffffff
424,4/19/2012,rkeyserbr,Well done!,http://dummyimage.com/201x100.png/dddddd/000000
425,7/23/2008,acappsbs,Well done!,http://dummyimage.com/232x100.png/ff4444/ffffff
426,5/6/2021,rreederbt,Keep it up!,http://dummyimage.com/234x100.png/ff4444/ffffff
427,4/16/2014,rsmealbu,Nice work!,http://dummyimage.com/181x100.png/dddddd/000000
428,5/22/2009,bbulcockbv,Nice work!,http://dummyimage.com/169x100.png/ff4444/ffffff
429,7/6/2014,sbealingbw,Keep it up!,http://dummyimage.com/106x100.png/dddddd/000000
430,12/21/2018,mivashovbx,Keep it up!,http://dummyimage.com/125x100.png/5fa2dd/ffffff
431,12/23/2015,vmacgowingby,Nice work!,http://dummyimage.com/100x100.png/ff4444/ffffff
432,4/5/2016,znewnhambz,Keep it up!,http://dummyimage.com/166x100.png/cc0000/ffffff
433,1/23/2022,tmuddimanc0,Great job!,http://dummyimage.com/147x100.png/5fa2dd/ffffff
434,10/15/2019,jsprulesc1,Impressive!,http://dummyimage.com/175x100.png/5fa2dd/ffffff
435,1/13/2016,ltejeroc2,Well done!,http://dummyimage.com/143x100.png/5fa2dd/ffffff
436,5/28/2013,starrenc3,Great job!,http://dummyimage.com/136x100.png/ff4444/ffffff
437,4/10/2015,mguidonec4,Great job!,http://dummyimage.com/189x100.png/ff4444/ffffff
438,11/10/2020,pblecklyc5,Impressive!,http://dummyimage.com/244x100.png/5fa2dd/ffffff
439,3/18/2020,aperillioc6,Keep it up!,http://dummyimage.com/183x100.png/5fa2dd/ffffff
440,4/27/2017,mcorstonc7,Well done!,http://dummyimage.com/250x100.png/dddddd/000000
441,11/2/2020,ppowlettc8,Keep it up!,http://dummyimage.com/148x100.png/ff4444/ffffff
442,6/9/2015,dkillerbyc9,Impressive!,http://dummyimage.com/129x100.png/dddddd/000000
443,12/5/2009,mekinsca,Great job!,http://dummyimage.com/139x100.png/ff4444/ffffff
444,4/15/2008,nmeriotcb,Impressive!,http://dummyimage.com/130x100.png/5fa2dd/ffffff
445,4/8/2012,cenrigocc,Great job!,http://dummyimage.com/100x100.png/dddddd/000000
446,6/3/2009,scastellanicd,Impressive!,http://dummyimage.com/119x100.png/ff4444/ffffff
447,1/8/2021,dsallowsce,Impressive!,http://dummyimage.com/237x100.png/cc0000/ffffff
448,6/18/2010,kpasquecf,Well done!,http://dummyimage.com/174x100.png/cc0000/ffffff
449,6/3/2020,ecaldayroucg,Nice work!,http://dummyimage.com/219x100.png/ff4444/ffffff
450,3/28/2021,mtommasich,Keep it up!,http://dummyimage.com/148x100.png/cc0000/ffffff
451,2/10/2025,iadamouci,Nice work!,http://dummyimage.com/249x100.png/ff4444/ffffff
452,1/22/2017,lferneyhoughcj,Well done!,http://dummyimage.com/175x100.png/dddddd/000000
453,8/30/2022,ttonbridgeck,Well done!,http://dummyimage.com/200x100.png/ff4444/ffffff
454,9/7/2019,ipattersoncl,Great job!,http://dummyimage.com/143x100.png/cc0000/ffffff
455,7/1/2014,ssoarescm,Great job!,http://dummyimage.com/222x100.png/dddddd/000000
456,8/22/2020,gspringcn,Great job!,http://dummyimage.com/161x100.png/5fa2dd/ffffff
457,3/17/2008,sgardco,Well done!,http://dummyimage.com/206x100.png/dddddd/000000
458,4/7/2012,rparradicecp,Keep it up!,http://dummyimage.com/130x100.png/cc0000/ffffff
459,1/26/2016,sportamcq,Well done!,http://dummyimage.com/120x100.png/ff4444/ffffff
460,5/25/2014,florkingcr,Keep it up!,http://dummyimage.com/186x100.png/cc0000/ffffff
461,7/7/2020,oorgelcs,Great job!,http://dummyimage.com/116x100.png/ff4444/ffffff
462,7/26/2024,rminihanect,Keep it up!,http://dummyimage.com/131x100.png/dddddd/000000
463,8/4/2011,myemmcu,Keep it up!,http://dummyimage.com/210x100.png/dddddd/000000
464,8/2/2008,bblamphincv,Impressive!,http://dummyimage.com/157x100.png/dddddd/000000
465,7/9/2019,nwanekcw,Nice work!,http://dummyimage.com/147x100.png/5fa2dd/ffffff
466,3/19/2015,rbaroschcx,Keep it up!,http://dummyimage.com/168x100.png/5fa2dd/ffffff
467,5/8/2016,claileycy,Great job!,http://dummyimage.com/145x100.png/cc0000/ffffff
468,3/3/2008,sfortoncz,Nice work!,http://dummyimage.com/152x100.png/5fa2dd/ffffff
469,5/18/2009,ttuftind0,Impressive!,http://dummyimage.com/103x100.png/dddddd/000000
470,7/5/2014,sblunkettd1,Keep it up!,http://dummyimage.com/175x100.png/cc0000/ffffff
471,7/22/2022,ltreweelad2,Well done!,http://dummyimage.com/131x100.png/dddddd/000000
472,12/6/2014,imatuszynskid3,Keep it up!,http://dummyimage.com/247x100.png/cc0000/ffffff
473,8/3/2023,rlazenburyd4,Nice work!,http://dummyimage.com/213x100.png/dddddd/000000
474,9/27/2012,amedcalfed5,Well done!,http://dummyimage.com/230x100.png/ff4444/ffffff
475,3/2/2008,egulyd6,Well done!,http://dummyimage.com/163x100.png/5fa2dd/ffffff
476,11/14/2010,bwadlowd7,Great job!,http://dummyimage.com/132x100.png/5fa2dd/ffffff
477,1/11/2016,cswayslandd8,Keep it up!,http://dummyimage.com/126x100.png/ff4444/ffffff
478,6/22/2020,lvedenichevd9,Impressive!,http://dummyimage.com/162x100.png/dddddd/000000
479,4/16/2009,gjudenda,Well done!,http://dummyimage.com/121x100.png/cc0000/ffffff
480,7/4/2016,kheffernondb,Impressive!,http://dummyimage.com/225x100.png/ff4444/ffffff
481,9/4/2018,lotuohydc,Keep it up!,http://dummyimage.com/137x100.png/dddddd/000000
482,2/24/2020,jbohlerdd,Great job!,http://dummyimage.com/205x100.png/ff4444/ffffff
483,6/1/2022,pblaxterde,Great job!,http://dummyimage.com/121x100.png/dddddd/000000
484,10/1/2018,dwrathalldf,Well done!,http://dummyimage.com/221x100.png/5fa2dd/ffffff
485,4/19/2012,tscarrottdg,Keep it up!,http://dummyimage.com/198x100.png/cc0000/ffffff
486,4/5/2009,dsisslanddh,Great job!,http://dummyimage.com/191x100.png/ff4444/ffffff
487,12/26/2020,jsutchdi,Great job!,http://dummyimage.com/216x100.png/cc0000/ffffff
488,10/8/2023,cgartrelldj,Well done!,http://dummyimage.com/155x100.png/dddddd/000000
489,6/21/2020,nviggersdk,Nice work!,http://dummyimage.com/241x100.png/cc0000/ffffff
490,10/23/2023,oowttrimdl,Great job!,http://dummyimage.com/231x100.png/dddddd/000000
491,3/24/2024,ndurtnalldm,Keep it up!,http://dummyimage.com/206x100.png/5fa2dd/ffffff
492,5/7/2016,rbandedn,Impressive!,http://dummyimage.com/139x100.png/5fa2dd/ffffff
493,10/2/2023,gloyntondo,Nice work!,http://dummyimage.com/156x100.png/5fa2dd/ffffff
494,1/23/2014,ewauchopedp,Well done!,http://dummyimage.com/182x100.png/5fa2dd/ffffff
495,4/11/2009,apawlickdq,Great job!,http://dummyimage.com/143x100.png/cc0000/ffffff
496,8/20/2017,kkilleleadr,Nice work!,http://dummyimage.com/149x100.png/cc0000/ffffff
497,3/8/2015,arotheryds,Keep it up!,http://dummyimage.com/119x100.png/dddddd/000000
498,11/28/2014,cklimochkindt,Great job!,http://dummyimage.com/146x100.png/dddddd/000000
499,7/23/2015,rmattamdu,Impressive!,http://dummyimage.com/246x100.png/dddddd/000000
500,3/22/2008,mbernardottidv,Nice work!,http://dummyimage.com/173x100.png/dddddd/000000
501,9/20/2024,salenshevdw,Nice work!,http://dummyimage.com/134x100.png/cc0000/ffffff
502,12/12/2021,edavagedx,Keep it up!,http://dummyimage.com/213x100.png/5fa2dd/ffffff
503,7/25/2011,nbyromdy,Well done!,http://dummyimage.com/206x100.png/dddddd/000000
504,5/4/2023,rcorkittdz,Keep it up!,http://dummyimage.com/154x100.png/ff4444/ffffff
505,8/19/2020,wmaccostye0,Great job!,http://dummyimage.com/129x100.png/ff4444/ffffff
506,3/8/2015,oseligsone1,Impressive!,http://dummyimage.com/184x100.png/5fa2dd/ffffff
507,4/7/2010,jwaitone2,Impressive!,http://dummyimage.com/186x100.png/ff4444/ffffff
508,9/5/2016,phenckee3,Impressive!,http://dummyimage.com/138x100.png/dddddd/000000
509,2/5/2019,mmiddise4,Nice work!,http://dummyimage.com/154x100.png/5fa2dd/ffffff
510,12/7/2017,gvandersone5,Impressive!,http://dummyimage.com/198x100.png/cc0000/ffffff
511,5/8/2019,fdalesioe6,Great job!,http://dummyimage.com/209x100.png/ff4444/ffffff
512,12/10/2010,adeluzee7,Keep it up!,http://dummyimage.com/191x100.png/5fa2dd/ffffff
513,6/23/2024,ktrivette8,Nice work!,http://dummyimage.com/219x100.png/ff4444/ffffff
514,4/23/2017,ghollingtone9,Nice work!,http://dummyimage.com/127x100.png/dddddd/000000
515,1/10/2009,tdebruynea,Nice work!,http://dummyimage.com/164x100.png/cc0000/ffffff
516,11/29/2022,bbarrackseb,Keep it up!,http://dummyimage.com/244x100.png/cc0000/ffffff
517,5/5/2016,nwhitlandec,Well done!,http://dummyimage.com/107x100.png/cc0000/ffffff
518,11/16/2009,jcucheyed,Keep it up!,http://dummyimage.com/197x100.png/dddddd/000000
519,1/24/2016,lbosmaee,Great job!,http://dummyimage.com/190x100.png/dddddd/000000
520,8/29/2017,aorpinef,Keep it up!,http://dummyimage.com/168x100.png/ff4444/ffffff
521,7/13/2018,dleeburneg,Keep it up!,http://dummyimage.com/214x100.png/5fa2dd/ffffff
522,8/6/2008,cstalleneh,Great job!,http://dummyimage.com/152x100.png/dddddd/000000
523,6/1/2012,blivesleyei,Nice work!,http://dummyimage.com/119x100.png/cc0000/ffffff
524,2/9/2018,rchristaeasej,Great job!,http://dummyimage.com/142x100.png/ff4444/ffffff
525,11/3/2019,ceborallek,Nice work!,http://dummyimage.com/150x100.png/5fa2dd/ffffff
526,1/14/2010,rtomkowiczel,Impressive!,http://dummyimage.com/236x100.png/ff4444/ffffff
527,5/27/2009,tnunesnabarroem,Keep it up!,http://dummyimage.com/107x100.png/cc0000/ffffff
528,8/8/2022,bhightownen,Great job!,http://dummyimage.com/114x100.png/ff4444/ffffff
529,4/2/2008,jchittereo,Nice work!,http://dummyimage.com/196x100.png/ff4444/ffffff
530,11/22/2015,aschefflerep,Keep it up!,http://dummyimage.com/127x100.png/5fa2dd/ffffff
531,3/7/2008,tbrasseureq,Nice work!,http://dummyimage.com/221x100.png/ff4444/ffffff
532,12/12/2009,rkenerer,Great job!,http://dummyimage.com/144x100.png/ff4444/ffffff
533,4/1/2024,lcharettees,Great job!,http://dummyimage.com/144x100.png/dddddd/000000
534,6/3/2015,mstockoeet,Well done!,http://dummyimage.com/125x100.png/ff4444/ffffff
535,7/6/2024,mtorreseeu,Keep it up!,http://dummyimage.com/179x100.png/dddddd/000000
536,6/10/2022,callonev,Keep it up!,http://dummyimage.com/210x100.png/cc0000/ffffff
537,5/6/2015,chouriganew,Nice work!,http://dummyimage.com/140x100.png/cc0000/ffffff
538,11/21/2022,swindsorex,Keep it up!,http://dummyimage.com/216x100.png/cc0000/ffffff
539,12/16/2022,akubistaey,Impressive!,http://dummyimage.com/108x100.png/5fa2dd/ffffff
540,8/25/2014,vbrusselsez,Keep it up!,http://dummyimage.com/161x100.png/dddddd/000000
541,11/16/2009,mclintonf0,Nice work!,http://dummyimage.com/116x100.png/dddddd/000000
542,6/14/2011,mflorentinef1,Keep it up!,http://dummyimage.com/172x100.png/cc0000/ffffff
543,9/24/2017,srogezf2,Great job!,http://dummyimage.com/109x100.png/ff4444/ffffff
544,4/4/2008,cgaskillf3,Well done!,http://dummyimage.com/150x100.png/ff4444/ffffff
545,7/8/2018,vbuckneyf4,Impressive!,http://dummyimage.com/233x100.png/dddddd/000000
546,6/15/2009,agetleyf5,Nice work!,http://dummyimage.com/106x100.png/dddddd/000000
547,3/24/2024,gpachecof6,Well done!,http://dummyimage.com/188x100.png/cc0000/ffffff
548,2/19/2020,astartonf7,Nice work!,http://dummyimage.com/118x100.png/ff4444/ffffff
549,9/30/2017,lfarrinf8,Impressive!,http://dummyimage.com/238x100.png/5fa2dd/ffffff
550,11/8/2013,bdawidmanf9,Nice work!,http://dummyimage.com/103x100.png/ff4444/ffffff
551,2/18/2020,gpassinghamfa,Keep it up!,http://dummyimage.com/126x100.png/cc0000/ffffff
552,2/28/2009,sstivensfb,Impressive!,http://dummyimage.com/204x100.png/ff4444/ffffff
553,8/29/2010,rartissfc,Well done!,http://dummyimage.com/132x100.png/ff4444/ffffff
554,12/4/2008,lcowderyfd,Nice work!,http://dummyimage.com/147x100.png/cc0000/ffffff
555,2/9/2020,bkarmelfe,Impressive!,http://dummyimage.com/232x100.png/cc0000/ffffff
556,8/3/2024,bstoteff,Impressive!,http://dummyimage.com/121x100.png/ff4444/ffffff
557,10/6/2017,lstanlikefg,Well done!,http://dummyimage.com/141x100.png/dddddd/000000
558,12/1/2013,drenachowskifh,Well done!,http://dummyimage.com/249x100.png/cc0000/ffffff
559,12/18/2013,hgoodbarfi,Great job!,http://dummyimage.com/206x100.png/cc0000/ffffff
560,6/23/2020,ghaeslierfj,Keep it up!,http://dummyimage.com/120x100.png/ff4444/ffffff
561,4/29/2014,smahaddiefk,Nice work!,http://dummyimage.com/241x100.png/5fa2dd/ffffff
562,8/8/2014,spadfieldfl,Well done!,http://dummyimage.com/198x100.png/ff4444/ffffff
563,4/23/2015,gpetrovskyfm,Well done!,http://dummyimage.com/234x100.png/dddddd/000000
564,12/22/2021,mdunkinsonfn,Great job!,http://dummyimage.com/242x100.png/ff4444/ffffff
565,2/8/2013,tritchingsfo,Great job!,http://dummyimage.com/234x100.png/ff4444/ffffff
566,12/9/2022,mperduefp,Nice work!,http://dummyimage.com/155x100.png/dddddd/000000
567,6/23/2018,ltuplingfq,Keep it up!,http://dummyimage.com/110x100.png/dddddd/000000
568,11/21/2013,jlindemanfr,Keep it up!,http://dummyimage.com/250x100.png/cc0000/ffffff
569,4/29/2008,aeadyfs,Keep it up!,http://dummyimage.com/237x100.png/5fa2dd/ffffff
570,5/11/2008,crymourft,Keep it up!,http://dummyimage.com/210x100.png/5fa2dd/ffffff
571,10/12/2021,brearyfu,Great job!,http://dummyimage.com/204x100.png/cc0000/ffffff
572,10/18/2015,bfrowenfv,Great job!,http://dummyimage.com/121x100.png/ff4444/ffffff
573,4/9/2020,miacofofw,Impressive!,http://dummyimage.com/124x100.png/ff4444/ffffff
574,12/29/2023,transcombefx,Impressive!,http://dummyimage.com/192x100.png/ff4444/ffffff
575,12/23/2018,cloadesfy,Keep it up!,http://dummyimage.com/168x100.png/5fa2dd/ffffff
576,6/16/2018,fcosynsfz,Well done!,http://dummyimage.com/171x100.png/ff4444/ffffff
577,4/6/2018,cellershawg0,Keep it up!,http://dummyimage.com/118x100.png/ff4444/ffffff
578,1/14/2023,jcharsleyg1,Well done!,http://dummyimage.com/125x100.png/ff4444/ffffff
579,1/17/2020,pflattg2,Great job!,http://dummyimage.com/172x100.png/5fa2dd/ffffff
580,10/10/2012,mturbillg3,Keep it up!,http://dummyimage.com/122x100.png/ff4444/ffffff
581,10/3/2017,kohagirtieg4,Keep it up!,http://dummyimage.com/247x100.png/cc0000/ffffff
582,8/19/2017,mwyborng5,Nice work!,http://dummyimage.com/139x100.png/dddddd/000000
583,8/15/2008,bkobierskig6,Well done!,http://dummyimage.com/104x100.png/dddddd/000000
584,5/24/2022,rcashfordg7,Keep it up!,http://dummyimage.com/238x100.png/5fa2dd/ffffff
585,3/22/2017,imertschingg8,Impressive!,http://dummyimage.com/201x100.png/dddddd/000000
586,3/5/2016,eyakushking9,Impressive!,http://dummyimage.com/177x100.png/cc0000/ffffff
587,10/18/2021,ovangeffenga,Impressive!,http://dummyimage.com/111x100.png/5fa2dd/ffffff
588,3/16/2015,dhartleygb,Nice work!,http://dummyimage.com/152x100.png/ff4444/ffffff
589,1/31/2009,amacconaghygc,Impressive!,http://dummyimage.com/214x100.png/ff4444/ffffff
590,3/25/2008,oblinmangd,Impressive!,http://dummyimage.com/136x100.png/ff4444/ffffff
591,2/28/2010,gwallsworthge,Nice work!,http://dummyimage.com/238x100.png/dddddd/000000
592,1/6/2012,uasaafgf,Well done!,http://dummyimage.com/106x100.png/dddddd/000000
593,11/9/2014,vsmittongg,Nice work!,http://dummyimage.com/177x100.png/cc0000/ffffff
594,7/6/2008,rchesshiregh,Impressive!,http://dummyimage.com/242x100.png/dddddd/000000
595,4/18/2008,thalsworthgi,Nice work!,http://dummyimage.com/121x100.png/ff4444/ffffff
596,8/27/2008,dledrungj,Nice work!,http://dummyimage.com/237x100.png/ff4444/ffffff
597,5/15/2021,jboldisongk,Nice work!,http://dummyimage.com/146x100.png/dddddd/000000
598,4/23/2010,bbramblegl,Nice work!,http://dummyimage.com/174x100.png/cc0000/ffffff
599,2/10/2022,nlovittgm,Keep it up!,http://dummyimage.com/111x100.png/cc0000/ffffff
600,8/23/2010,lstraingegn,Impressive!,http://dummyimage.com/232x100.png/dddddd/000000
601,12/19/2012,ppeschkego,Well done!,http://dummyimage.com/132x100.png/dddddd/000000
602,5/18/2017,kkaublegp,Impressive!,http://dummyimage.com/178x100.png/dddddd/000000
603,9/14/2009,aarrowsmithgq,Well done!,http://dummyimage.com/219x100.png/ff4444/ffffff
604,5/24/2020,edemkowiczgr,Well done!,http://dummyimage.com/100x100.png/cc0000/ffffff
605,8/31/2022,jwolledgegs,Well done!,http://dummyimage.com/142x100.png/cc0000/ffffff
606,12/15/2023,cstrattongt,Impressive!,http://dummyimage.com/152x100.png/ff4444/ffffff
607,10/27/2013,nfillgategu,Keep it up!,http://dummyimage.com/100x100.png/ff4444/ffffff
608,5/4/2009,tchaplinggv,Well done!,http://dummyimage.com/108x100.png/dddddd/000000
609,2/22/2019,slowygw,Well done!,http://dummyimage.com/235x100.png/dddddd/000000
610,5/3/2023,jrouthgx,Impressive!,http://dummyimage.com/222x100.png/ff4444/ffffff
611,1/18/2011,mdellortogy,Keep it up!,http://dummyimage.com/106x100.png/dddddd/000000
612,9/30/2011,nvynardegz,Impressive!,http://dummyimage.com/145x100.png/5fa2dd/ffffff
613,8/5/2018,ckohtlerh0,Keep it up!,http://dummyimage.com/121x100.png/ff4444/ffffff
614,11/19/2021,lbaumannh1,Nice work!,http://dummyimage.com/153x100.png/ff4444/ffffff
615,8/2/2021,tkaubleh2,Keep it up!,http://dummyimage.com/179x100.png/5fa2dd/ffffff
616,1/23/2014,scominelloh3,Great job!,http://dummyimage.com/213x100.png/ff4444/ffffff
617,1/17/2012,rguidottih4,Impressive!,http://dummyimage.com/137x100.png/dddddd/000000
618,5/13/2015,adoodh5,Nice work!,http://dummyimage.com/188x100.png/cc0000/ffffff
619,6/14/2017,bmulletth6,Impressive!,http://dummyimage.com/218x100.png/ff4444/ffffff
620,4/1/2012,rplunketth7,Keep it up!,http://dummyimage.com/222x100.png/ff4444/ffffff
621,1/18/2022,kjopph8,Great job!,http://dummyimage.com/225x100.png/5fa2dd/ffffff
622,5/28/2017,gdearingh9,Impressive!,http://dummyimage.com/205x100.png/cc0000/ffffff
623,10/13/2018,jmilkinha,Keep it up!,http://dummyimage.com/190x100.png/5fa2dd/ffffff
624,2/9/2025,mdomelawhb,Impressive!,http://dummyimage.com/200x100.png/ff4444/ffffff
625,1/4/2013,edukehc,Great job!,http://dummyimage.com/249x100.png/dddddd/000000
626,5/6/2023,joskehanhd,Impressive!,http://dummyimage.com/241x100.png/dddddd/000000
627,11/29/2017,frannhe,Well done!,http://dummyimage.com/177x100.png/ff4444/ffffff
628,2/27/2009,aedmeadshf,Nice work!,http://dummyimage.com/233x100.png/dddddd/000000
629,10/20/2022,tbertlinhg,Impressive!,http://dummyimage.com/232x100.png/5fa2dd/ffffff
630,4/6/2010,itingeyhh,Impressive!,http://dummyimage.com/153x100.png/cc0000/ffffff
631,8/9/2012,mnehlhi,Nice work!,http://dummyimage.com/235x100.png/cc0000/ffffff
632,5/22/2021,efransmanhj,Impressive!,http://dummyimage.com/128x100.png/ff4444/ffffff
633,8/30/2012,llathyhk,Great job!,http://dummyimage.com/109x100.png/dddddd/000000
634,7/1/2008,mholleyhl,Well done!,http://dummyimage.com/132x100.png/cc0000/ffffff
635,12/18/2010,scowwellhm,Keep it up!,http://dummyimage.com/129x100.png/cc0000/ffffff
636,7/27/2016,sburtonshawhn,Nice work!,http://dummyimage.com/233x100.png/5fa2dd/ffffff
637,11/18/2023,rgarronho,Great job!,http://dummyimage.com/155x100.png/dddddd/000000
638,7/4/2023,vlamashp,Keep it up!,http://dummyimage.com/237x100.png/ff4444/ffffff
639,10/10/2009,lvooghthq,Well done!,http://dummyimage.com/188x100.png/cc0000/ffffff
640,3/8/2022,lpigdonhr,Great job!,http://dummyimage.com/223x100.png/ff4444/ffffff
641,6/28/2008,aodlinhs,Great job!,http://dummyimage.com/117x100.png/dddddd/000000
642,3/1/2009,hlittleproudht,Nice work!,http://dummyimage.com/124x100.png/dddddd/000000
643,8/1/2018,dboorerhu,Well done!,http://dummyimage.com/237x100.png/5fa2dd/ffffff
644,7/31/2012,ttuffhv,Keep it up!,http://dummyimage.com/245x100.png/5fa2dd/ffffff
645,1/16/2023,slukockhw,Impressive!,http://dummyimage.com/186x100.png/5fa2dd/ffffff
646,8/5/2012,vgassonhx,Impressive!,http://dummyimage.com/122x100.png/5fa2dd/ffffff
647,3/22/2023,gmcgranehy,Keep it up!,http://dummyimage.com/100x100.png/cc0000/ffffff
648,2/12/2024,jlymerhz,Impressive!,http://dummyimage.com/190x100.png/cc0000/ffffff
649,11/9/2017,mauteni0,Nice work!,http://dummyimage.com/202x100.png/cc0000/ffffff
650,8/8/2023,jscrasei1,Keep it up!,http://dummyimage.com/173x100.png/5fa2dd/ffffff
651,7/21/2019,gmckalli2,Nice work!,http://dummyimage.com/183x100.png/5fa2dd/ffffff
652,2/16/2012,gscarmani3,Well done!,http://dummyimage.com/116x100.png/cc0000/ffffff
653,11/22/2021,rosannei4,Well done!,http://dummyimage.com/222x100.png/ff4444/ffffff
654,12/10/2024,rernkei5,Well done!,http://dummyimage.com/160x100.png/ff4444/ffffff
655,7/21/2017,jbowketti6,Impressive!,http://dummyimage.com/190x100.png/cc0000/ffffff
656,7/19/2023,amcgloini7,Nice work!,http://dummyimage.com/224x100.png/5fa2dd/ffffff
657,2/22/2024,dbrevetori8,Impressive!,http://dummyimage.com/169x100.png/5fa2dd/ffffff
658,2/10/2019,mziebarti9,Keep it up!,http://dummyimage.com/121x100.png/cc0000/ffffff
659,4/25/2024,pmarjanskiia,Impressive!,http://dummyimage.com/135x100.png/ff4444/ffffff
660,11/22/2016,chitzkeib,Nice work!,http://dummyimage.com/244x100.png/cc0000/ffffff
661,7/20/2023,pgergheric,Keep it up!,http://dummyimage.com/242x100.png/dddddd/000000
662,1/8/2024,bdewaneid,Nice work!,http://dummyimage.com/109x100.png/cc0000/ffffff
663,12/4/2016,rpretoriusie,Great job!,http://dummyimage.com/151x100.png/5fa2dd/ffffff
664,12/24/2010,hjeffcockif,Nice work!,http://dummyimage.com/238x100.png/dddddd/000000
665,12/7/2017,smiddlebrookig,Nice work!,http://dummyimage.com/223x100.png/dddddd/000000
666,12/13/2013,afaleyih,Great job!,http://dummyimage.com/195x100.png/ff4444/ffffff
667,7/7/2017,nferronelii,Keep it up!,http://dummyimage.com/225x100.png/cc0000/ffffff
668,2/22/2025,kondricekij,Impressive!,http://dummyimage.com/189x100.png/5fa2dd/ffffff
669,5/17/2022,dlayusik,Impressive!,http://dummyimage.com/102x100.png/5fa2dd/ffffff
670,7/30/2012,nbrandassiil,Great job!,http://dummyimage.com/154x100.png/cc0000/ffffff
671,7/15/2013,aabotsonim,Well done!,http://dummyimage.com/197x100.png/cc0000/ffffff
672,3/30/2021,bmcroryin,Nice work!,http://dummyimage.com/195x100.png/5fa2dd/ffffff
673,2/21/2013,rmccullouchio,Impressive!,http://dummyimage.com/113x100.png/5fa2dd/ffffff
674,10/16/2019,nkitneyip,Nice work!,http://dummyimage.com/129x100.png/5fa2dd/ffffff
675,7/3/2024,noreillyiq,Nice work!,http://dummyimage.com/243x100.png/cc0000/ffffff
676,12/31/2010,jjaffrair,Great job!,http://dummyimage.com/152x100.png/dddddd/000000
677,1/4/2022,bmunfordis,Great job!,http://dummyimage.com/242x100.png/ff4444/ffffff
678,3/17/2015,rkingzetit,Nice work!,http://dummyimage.com/183x100.png/ff4444/ffffff
679,1/21/2012,spocockeiu,Keep it up!,http://dummyimage.com/235x100.png/dddddd/000000
680,11/6/2024,rwankaiv,Great job!,http://dummyimage.com/153x100.png/5fa2dd/ffffff
681,7/22/2014,aperrymaniw,Keep it up!,http://dummyimage.com/232x100.png/dddddd/000000
682,4/26/2009,rscollanix,Keep it up!,http://dummyimage.com/141x100.png/5fa2dd/ffffff
683,5/7/2023,flinscottiy,Impressive!,http://dummyimage.com/183x100.png/dddddd/000000
684,9/6/2017,ryearneiz,Great job!,http://dummyimage.com/185x100.png/ff4444/ffffff
685,5/5/2019,srosbroughj0,Keep it up!,http://dummyimage.com/147x100.png/dddddd/000000
686,1/21/2018,gmatzkej1,Great job!,http://dummyimage.com/124x100.png/dddddd/000000
687,1/30/2014,hpieperj2,Nice work!,http://dummyimage.com/232x100.png/cc0000/ffffff
688,11/22/2012,alindseyj3,Well done!,http://dummyimage.com/116x100.png/ff4444/ffffff
689,3/7/2023,mhargreavesj4,Nice work!,http://dummyimage.com/243x100.png/5fa2dd/ffffff
690,7/24/2009,ahealingsj5,Keep it up!,http://dummyimage.com/146x100.png/dddddd/000000
691,4/21/2015,tbartij6,Impressive!,http://dummyimage.com/134x100.png/dddddd/000000
692,7/15/2024,goliphardj7,Keep it up!,http://dummyimage.com/223x100.png/5fa2dd/ffffff
693,5/27/2022,ddanielej8,Impressive!,http://dummyimage.com/174x100.png/dddddd/000000
694,4/1/2012,ehuetsonj9,Well done!,http://dummyimage.com/227x100.png/5fa2dd/ffffff
695,1/14/2021,tpeachja,Keep it up!,http://dummyimage.com/139x100.png/5fa2dd/ffffff
696,10/20/2009,lgodlyjb,Nice work!,http://dummyimage.com/179x100.png/cc0000/ffffff
697,11/6/2016,rwalderajc,Keep it up!,http://dummyimage.com/174x100.png/cc0000/ffffff
698,8/4/2008,wlabastidajd,Great job!,http://dummyimage.com/169x100.png/5fa2dd/ffffff
699,9/26/2014,cflorezje,Keep it up!,http://dummyimage.com/247x100.png/5fa2dd/ffffff
700,4/1/2019,cdufaurjf,Great job!,http://dummyimage.com/117x100.png/cc0000/ffffff
701,8/15/2013,akrollejg,Impressive!,http://dummyimage.com/137x100.png/ff4444/ffffff
702,4/13/2021,sterzzajh,Keep it up!,http://dummyimage.com/169x100.png/dddddd/000000
703,8/18/2023,hmiramsji,Impressive!,http://dummyimage.com/137x100.png/5fa2dd/ffffff
704,3/24/2015,gstanettjj,Impressive!,http://dummyimage.com/234x100.png/ff4444/ffffff
705,1/8/2012,hkirleyjk,Nice work!,http://dummyimage.com/123x100.png/dddddd/000000
706,7/11/2013,ejaquemarjl,Great job!,http://dummyimage.com/117x100.png/cc0000/ffffff
707,7/3/2015,mhavejm,Keep it up!,http://dummyimage.com/102x100.png/5fa2dd/ffffff
708,4/23/2016,tfreeburyjn,Great job!,http://dummyimage.com/119x100.png/5fa2dd/ffffff
709,2/23/2025,acabeljo,Impressive!,http://dummyimage.com/168x100.png/ff4444/ffffff
710,12/18/2013,amillwalljp,Impressive!,http://dummyimage.com/139x100.png/dddddd/000000
711,1/13/2021,mbaytropjq,Nice work!,http://dummyimage.com/105x100.png/5fa2dd/ffffff
712,7/22/2008,icathesyedjr,Impressive!,http://dummyimage.com/180x100.png/cc0000/ffffff
713,11/24/2011,jchamberlenjs,Impressive!,http://dummyimage.com/130x100.png/dddddd/000000
714,2/13/2019,lmanwelljt,Keep it up!,http://dummyimage.com/223x100.png/5fa2dd/ffffff
715,7/9/2021,jgayeju,Well done!,http://dummyimage.com/138x100.png/cc0000/ffffff
716,5/25/2020,dmclartyjv,Nice work!,http://dummyimage.com/151x100.png/cc0000/ffffff
717,10/27/2009,acoulbeckjw,Well done!,http://dummyimage.com/122x100.png/cc0000/ffffff
718,8/25/2015,mrickhussjx,Impressive!,http://dummyimage.com/117x100.png/5fa2dd/ffffff
719,8/7/2010,cdunseathjy,Impressive!,http://dummyimage.com/188x100.png/ff4444/ffffff
720,8/31/2023,mchisnalljz,Great job!,http://dummyimage.com/139x100.png/5fa2dd/ffffff
721,6/4/2015,gswettk0,Keep it up!,http://dummyimage.com/247x100.png/5fa2dd/ffffff
722,5/28/2023,skarpenkok1,Keep it up!,http://dummyimage.com/230x100.png/cc0000/ffffff
723,11/27/2021,acadlek2,Keep it up!,http://dummyimage.com/197x100.png/dddddd/000000
724,10/29/2022,ltenantk3,Impressive!,http://dummyimage.com/150x100.png/ff4444/ffffff
725,12/5/2019,lcardiffk4,Keep it up!,http://dummyimage.com/235x100.png/dddddd/000000
726,8/11/2019,kbrabbenk5,Nice work!,http://dummyimage.com/206x100.png/dddddd/000000
727,3/22/2023,gkubistak6,Nice work!,http://dummyimage.com/236x100.png/cc0000/ffffff
728,10/1/2008,roneillk7,Great job!,http://dummyimage.com/112x100.png/cc0000/ffffff
729,3/27/2015,sswettk8,Impressive!,http://dummyimage.com/220x100.png/cc0000/ffffff
730,5/23/2020,bpetricekk9,Well done!,http://dummyimage.com/152x100.png/cc0000/ffffff
731,3/12/2020,tallawyka,Great job!,http://dummyimage.com/122x100.png/5fa2dd/ffffff
732,4/26/2010,gscrutonkb,Well done!,http://dummyimage.com/143x100.png/cc0000/ffffff
733,1/31/2020,aschellekc,Great job!,http://dummyimage.com/113x100.png/5fa2dd/ffffff
734,2/8/2011,rshambrokekd,Impressive!,http://dummyimage.com/231x100.png/cc0000/ffffff
735,9/15/2010,thannamke,Great job!,http://dummyimage.com/174x100.png/dddddd/000000
736,10/24/2022,bgrandkf,Well done!,http://dummyimage.com/181x100.png/cc0000/ffffff
737,8/24/2022,candryuninkg,Nice work!,http://dummyimage.com/219x100.png/cc0000/ffffff
738,2/12/2011,eleamonkh,Keep it up!,http://dummyimage.com/157x100.png/dddddd/000000
739,2/2/2012,alearoidki,Well done!,http://dummyimage.com/239x100.png/cc0000/ffffff
740,3/14/2017,emullarkeykj,Keep it up!,http://dummyimage.com/138x100.png/5fa2dd/ffffff
741,5/27/2009,kvasechkinkk,Well done!,http://dummyimage.com/164x100.png/ff4444/ffffff
742,11/1/2013,fcullinankl,Nice work!,http://dummyimage.com/243x100.png/5fa2dd/ffffff
743,12/17/2023,kisaqkm,Keep it up!,http://dummyimage.com/250x100.png/cc0000/ffffff
744,11/10/2008,stimmenskn,Great job!,http://dummyimage.com/172x100.png/cc0000/ffffff
745,7/20/2010,pjohnkeko,Nice work!,http://dummyimage.com/227x100.png/ff4444/ffffff
746,11/24/2008,epetterskp,Great job!,http://dummyimage.com/105x100.png/5fa2dd/ffffff
747,1/13/2009,mdrewerykq,Great job!,http://dummyimage.com/132x100.png/dddddd/000000
748,4/17/2011,cmarrankr,Nice work!,http://dummyimage.com/208x100.png/ff4444/ffffff
749,5/31/2020,agaskenks,Impressive!,http://dummyimage.com/134x100.png/ff4444/ffffff
750,5/15/2019,dsisslandkt,Well done!,http://dummyimage.com/136x100.png/cc0000/ffffff
751,2/20/2016,gwindleyku,Nice work!,http://dummyimage.com/170x100.png/5fa2dd/ffffff
752,4/18/2012,kdibiaggikv,Nice work!,http://dummyimage.com/117x100.png/ff4444/ffffff
753,9/23/2016,shazlekw,Well done!,http://dummyimage.com/191x100.png/5fa2dd/ffffff
754,1/12/2024,lcardenaskx,Nice work!,http://dummyimage.com/103x100.png/5fa2dd/ffffff
755,9/5/2017,lbathamky,Well done!,http://dummyimage.com/159x100.png/ff4444/ffffff
756,3/22/2023,gphibbkz,Well done!,http://dummyimage.com/161x100.png/5fa2dd/ffffff
757,8/26/2017,tcluettl0,Impressive!,http://dummyimage.com/227x100.png/ff4444/ffffff
758,6/14/2020,klouedeyl1,Nice work!,http://dummyimage.com/197x100.png/5fa2dd/ffffff
759,3/7/2020,nwaytl2,Nice work!,http://dummyimage.com/161x100.png/dddddd/000000
760,8/4/2015,pmckellerl3,Keep it up!,http://dummyimage.com/161x100.png/5fa2dd/ffffff
761,11/16/2024,gmawsonl4,Nice work!,http://dummyimage.com/151x100.png/cc0000/ffffff
762,11/15/2008,rlaffranconil5,Well done!,http://dummyimage.com/103x100.png/ff4444/ffffff
763,12/14/2017,cneildl6,Well done!,http://dummyimage.com/208x100.png/5fa2dd/ffffff
764,9/18/2021,rgudemanl7,Nice work!,http://dummyimage.com/230x100.png/ff4444/ffffff
765,3/25/2010,dcuminel8,Well done!,http://dummyimage.com/249x100.png/ff4444/ffffff
766,2/28/2019,jlaurentinol9,Keep it up!,http://dummyimage.com/137x100.png/dddddd/000000
767,10/8/2024,oryriela,Impressive!,http://dummyimage.com/154x100.png/dddddd/000000
768,4/16/2016,csainterlb,Great job!,http://dummyimage.com/166x100.png/ff4444/ffffff
769,11/15/2023,bpoulettlc,Impressive!,http://dummyimage.com/169x100.png/5fa2dd/ffffff
770,9/28/2020,mnorewoodld,Impressive!,http://dummyimage.com/145x100.png/cc0000/ffffff
771,2/10/2017,tdillonle,Well done!,http://dummyimage.com/123x100.png/cc0000/ffffff
772,12/8/2012,nwittylf,Nice work!,http://dummyimage.com/218x100.png/dddddd/000000
773,6/4/2015,wyegorovlg,Nice work!,http://dummyimage.com/132x100.png/dddddd/000000
774,12/19/2009,cpeverelllh,Great job!,http://dummyimage.com/103x100.png/cc0000/ffffff
775,8/1/2010,acrightenli,Well done!,http://dummyimage.com/246x100.png/ff4444/ffffff
776,11/27/2023,fkeenorlj,Keep it up!,http://dummyimage.com/181x100.png/dddddd/000000
777,7/3/2014,bsabaterlk,Nice work!,http://dummyimage.com/177x100.png/cc0000/ffffff
778,10/25/2021,fcherryll,Nice work!,http://dummyimage.com/103x100.png/dddddd/000000
779,8/25/2019,tditchlm,Impressive!,http://dummyimage.com/133x100.png/dddddd/000000
780,5/8/2021,ogarmsln,Great job!,http://dummyimage.com/180x100.png/5fa2dd/ffffff
781,4/3/2010,jchataignierlo,Well done!,http://dummyimage.com/163x100.png/cc0000/ffffff
782,4/13/2010,cgouthlp,Nice work!,http://dummyimage.com/230x100.png/5fa2dd/ffffff
783,5/3/2011,mstreaklq,Keep it up!,http://dummyimage.com/131x100.png/ff4444/ffffff
784,7/9/2009,gmatteottilr,Great job!,http://dummyimage.com/128x100.png/ff4444/ffffff
785,2/9/2016,tguillilandls,Impressive!,http://dummyimage.com/164x100.png/5fa2dd/ffffff
786,12/1/2015,hchecchetellilt,Well done!,http://dummyimage.com/146x100.png/cc0000/ffffff
787,1/25/2016,tfavilllu,Keep it up!,http://dummyimage.com/232x100.png/5fa2dd/ffffff
788,1/3/2012,dwaslinglv,Keep it up!,http://dummyimage.com/244x100.png/dddddd/000000
789,7/30/2009,lelwellw,Great job!,http://dummyimage.com/159x100.png/dddddd/000000
790,1/31/2014,tchewterlx,Well done!,http://dummyimage.com/173x100.png/5fa2dd/ffffff
791,6/24/2017,nhemsteadly,Keep it up!,http://dummyimage.com/136x100.png/ff4444/ffffff
792,5/30/2011,kdeverallz,Impressive!,http://dummyimage.com/213x100.png/cc0000/ffffff
793,1/31/2018,hflewm0,Keep it up!,http://dummyimage.com/136x100.png/ff4444/ffffff
794,9/5/2011,pshoosmithm1,Well done!,http://dummyimage.com/178x100.png/5fa2dd/ffffff
795,10/14/2013,ovanbaarenm2,Well done!,http://dummyimage.com/224x100.png/ff4444/ffffff
796,4/25/2008,mwickersleym3,Well done!,http://dummyimage.com/170x100.png/dddddd/000000
797,12/27/2008,fgeachm4,Well done!,http://dummyimage.com/178x100.png/cc0000/ffffff
798,3/16/2013,rmenhenittm5,Keep it up!,http://dummyimage.com/113x100.png/dddddd/000000
799,11/30/2019,aroisenm6,Impressive!,http://dummyimage.com/222x100.png/dddddd/000000
800,2/15/2014,mtollitm7,Well done!,http://dummyimage.com/168x100.png/5fa2dd/ffffff
801,6/17/2009,rpattinim8,Keep it up!,http://dummyimage.com/224x100.png/dddddd/000000
802,12/31/2017,zhellenm9,Great job!,http://dummyimage.com/242x100.png/5fa2dd/ffffff
803,4/21/2019,jpanonsma,Nice work!,http://dummyimage.com/153x100.png/dddddd/000000
804,7/2/2024,wmandymb,Great job!,http://dummyimage.com/188x100.png/ff4444/ffffff
805,12/7/2018,tspaduccimc,Great job!,http://dummyimage.com/100x100.png/5fa2dd/ffffff
806,2/6/2025,celandmd,Well done!,http://dummyimage.com/147x100.png/cc0000/ffffff
807,11/16/2022,joslerme,Impressive!,http://dummyimage.com/129x100.png/dddddd/000000
808,8/25/2019,epetettmf,Well done!,http://dummyimage.com/229x100.png/dddddd/000000
809,4/8/2010,gbievermg,Impressive!,http://dummyimage.com/141x100.png/5fa2dd/ffffff
810,7/11/2012,mhallowsmh,Keep it up!,http://dummyimage.com/192x100.png/5fa2dd/ffffff
811,7/27/2016,egeorginsmi,Keep it up!,http://dummyimage.com/182x100.png/dddddd/000000
812,1/15/2024,rbeglinmj,Keep it up!,http://dummyimage.com/147x100.png/5fa2dd/ffffff
813,3/18/2011,bgiffardmk,Well done!,http://dummyimage.com/136x100.png/cc0000/ffffff
814,7/20/2019,ljirzikml,Impressive!,http://dummyimage.com/233x100.png/dddddd/000000
815,3/23/2016,fmccaullmm,Keep it up!,http://dummyimage.com/147x100.png/5fa2dd/ffffff
816,7/31/2022,cvinallmn,Impressive!,http://dummyimage.com/227x100.png/cc0000/ffffff
817,4/30/2019,nhubanemo,Nice work!,http://dummyimage.com/106x100.png/cc0000/ffffff
818,6/6/2011,dbolderomp,Well done!,http://dummyimage.com/168x100.png/cc0000/ffffff
819,1/9/2010,rduffymq,Nice work!,http://dummyimage.com/157x100.png/ff4444/ffffff
820,4/20/2008,mchownmr,Great job!,http://dummyimage.com/232x100.png/cc0000/ffffff
821,12/12/2010,stullochms,Well done!,http://dummyimage.com/192x100.png/dddddd/000000
822,11/16/2020,vfigguresmt,Well done!,http://dummyimage.com/175x100.png/5fa2dd/ffffff
823,3/21/2009,cmarconemu,Well done!,http://dummyimage.com/221x100.png/cc0000/ffffff
824,10/5/2018,dboikmv,Impressive!,http://dummyimage.com/227x100.png/cc0000/ffffff
825,3/21/2017,gesliemw,Nice work!,http://dummyimage.com/180x100.png/5fa2dd/ffffff
826,12/6/2014,bsimonichmx,Keep it up!,http://dummyimage.com/128x100.png/ff4444/ffffff
827,5/4/2012,hturfsmy,Great job!,http://dummyimage.com/161x100.png/5fa2dd/ffffff
828,6/23/2009,lcaganmz,Well done!,http://dummyimage.com/190x100.png/ff4444/ffffff
829,11/6/2022,mgotthardn0,Keep it up!,http://dummyimage.com/200x100.png/5fa2dd/ffffff
830,10/9/2018,ccarlesin1,Keep it up!,http://dummyimage.com/220x100.png/5fa2dd/ffffff
831,7/12/2016,apadwickn2,Great job!,http://dummyimage.com/158x100.png/cc0000/ffffff
832,10/17/2022,langlinn3,Well done!,http://dummyimage.com/208x100.png/cc0000/ffffff
833,2/2/2013,fbaillien4,Keep it up!,http://dummyimage.com/130x100.png/ff4444/ffffff
834,3/5/2017,epelhamn5,Keep it up!,http://dummyimage.com/137x100.png/5fa2dd/ffffff
835,5/12/2014,rconquestn6,Well done!,http://dummyimage.com/178x100.png/dddddd/000000
836,12/22/2015,bsilmonn7,Impressive!,http://dummyimage.com/191x100.png/ff4444/ffffff
837,12/26/2020,emaccathayn8,Impressive!,http://dummyimage.com/241x100.png/ff4444/ffffff
838,7/20/2013,rlowselyn9,Impressive!,http://dummyimage.com/239x100.png/dddddd/000000
839,7/10/2019,vdalena,Well done!,http://dummyimage.com/177x100.png/cc0000/ffffff
840,11/30/2018,jbrimmellnb,Great job!,http://dummyimage.com/104x100.png/cc0000/ffffff
841,11/8/2012,ggoadsbync,Great job!,http://dummyimage.com/149x100.png/5fa2dd/ffffff
842,9/9/2018,awallworknd,Keep it up!,http://dummyimage.com/120x100.png/dddddd/000000
843,5/19/2009,eaimene,Nice work!,http://dummyimage.com/219x100.png/5fa2dd/ffffff
844,3/12/2016,espackmannf,Keep it up!,http://dummyimage.com/246x100.png/cc0000/ffffff
845,3/20/2015,wcantillionng,Great job!,http://dummyimage.com/190x100.png/ff4444/ffffff
846,8/12/2016,thabeshawnh,Great job!,http://dummyimage.com/195x100.png/cc0000/ffffff
847,4/9/2022,mgafferni,Great job!,http://dummyimage.com/137x100.png/cc0000/ffffff
848,11/21/2023,doxnj,Nice work!,http://dummyimage.com/248x100.png/5fa2dd/ffffff
849,12/29/2012,mmaymondnk,Impressive!,http://dummyimage.com/183x100.png/ff4444/ffffff
850,4/4/2023,fpigdennl,Nice work!,http://dummyimage.com/237x100.png/dddddd/000000
851,6/30/2020,tvickersnm,Well done!,http://dummyimage.com/207x100.png/ff4444/ffffff
852,9/25/2017,hwalcarnn,Well done!,http://dummyimage.com/118x100.png/cc0000/ffffff
853,12/9/2016,bmoritno,Well done!,http://dummyimage.com/100x100.png/cc0000/ffffff
854,11/16/2024,bwhitelocknp,Keep it up!,http://dummyimage.com/245x100.png/dddddd/000000
855,11/21/2022,olidgleynq,Well done!,http://dummyimage.com/159x100.png/cc0000/ffffff
856,3/12/2022,oeastburynr,Great job!,http://dummyimage.com/221x100.png/5fa2dd/ffffff
857,5/29/2018,htouhigns,Nice work!,http://dummyimage.com/165x100.png/cc0000/ffffff
858,10/19/2011,lfransmannt,Keep it up!,http://dummyimage.com/168x100.png/cc0000/ffffff
859,4/30/2014,dconrynu,Impressive!,http://dummyimage.com/178x100.png/5fa2dd/ffffff
860,8/5/2013,bjereattnv,Great job!,http://dummyimage.com/145x100.png/dddddd/000000
861,7/27/2008,gderochenw,Well done!,http://dummyimage.com/219x100.png/cc0000/ffffff
862,9/2/2010,vversonnx,Impressive!,http://dummyimage.com/133x100.png/dddddd/000000
863,3/25/2023,troumierny,Nice work!,http://dummyimage.com/114x100.png/5fa2dd/ffffff
864,6/7/2023,ehryniewicznz,Well done!,http://dummyimage.com/191x100.png/cc0000/ffffff
865,12/7/2008,gureno0,Keep it up!,http://dummyimage.com/162x100.png/5fa2dd/ffffff
866,11/9/2017,aallisono1,Keep it up!,http://dummyimage.com/227x100.png/5fa2dd/ffffff
867,5/6/2010,cwoodburneo2,Well done!,http://dummyimage.com/151x100.png/cc0000/ffffff
868,12/8/2014,grozanskio3,Well done!,http://dummyimage.com/216x100.png/cc0000/ffffff
869,9/23/2011,jbrookbanko4,Well done!,http://dummyimage.com/218x100.png/ff4444/ffffff
870,6/29/2015,eorbineo5,Keep it up!,http://dummyimage.com/236x100.png/ff4444/ffffff
871,4/25/2020,lblackieo6,Well done!,http://dummyimage.com/226x100.png/cc0000/ffffff
872,1/21/2011,bdrivero7,Nice work!,http://dummyimage.com/119x100.png/cc0000/ffffff
873,11/7/2014,dspawello8,Great job!,http://dummyimage.com/245x100.png/5fa2dd/ffffff
874,5/14/2022,glacroutso9,Nice work!,http://dummyimage.com/124x100.png/ff4444/ffffff
875,7/15/2012,arapooa,Keep it up!,http://dummyimage.com/139x100.png/ff4444/ffffff
876,9/12/2012,rlambaob,Impressive!,http://dummyimage.com/125x100.png/cc0000/ffffff
877,4/29/2008,uravelusoc,Nice work!,http://dummyimage.com/171x100.png/dddddd/000000
878,10/12/2014,sgallehockod,Nice work!,http://dummyimage.com/113x100.png/cc0000/ffffff
879,10/22/2008,dmackettoe,Well done!,http://dummyimage.com/125x100.png/cc0000/ffffff
880,1/17/2009,gtebbetof,Great job!,http://dummyimage.com/101x100.png/ff4444/ffffff
881,12/24/2008,npennellog,Keep it up!,http://dummyimage.com/232x100.png/dddddd/000000
882,11/29/2024,sdupreyoh,Impressive!,http://dummyimage.com/115x100.png/dddddd/000000
883,8/29/2012,wcleoburyoi,Keep it up!,http://dummyimage.com/142x100.png/5fa2dd/ffffff
884,10/29/2017,epaytonoj,Nice work!,http://dummyimage.com/134x100.png/5fa2dd/ffffff
885,10/10/2010,mtavernerok,Nice work!,http://dummyimage.com/221x100.png/dddddd/000000
886,5/17/2017,ltranterol,Well done!,http://dummyimage.com/103x100.png/dddddd/000000
887,10/22/2016,swhitfeldom,Nice work!,http://dummyimage.com/149x100.png/5fa2dd/ffffff
888,10/22/2008,lmuehleon,Great job!,http://dummyimage.com/136x100.png/5fa2dd/ffffff
889,9/26/2023,chollowsoo,Great job!,http://dummyimage.com/189x100.png/ff4444/ffffff
890,3/28/2011,kaspyop,Impressive!,http://dummyimage.com/180x100.png/dddddd/000000
891,6/3/2018,ascurlockoq,Impressive!,http://dummyimage.com/132x100.png/ff4444/ffffff
892,4/15/2008,swhaitesor,Great job!,http://dummyimage.com/130x100.png/cc0000/ffffff
893,10/5/2011,caxtenos,Nice work!,http://dummyimage.com/135x100.png/5fa2dd/ffffff
894,10/5/2015,slorenzinot,Impressive!,http://dummyimage.com/194x100.png/ff4444/ffffff
895,4/11/2013,mmaudsonou,Great job!,http://dummyimage.com/133x100.png/dddddd/000000
896,3/7/2009,isivyourov,Great job!,http://dummyimage.com/196x100.png/dddddd/000000
897,11/12/2014,gmckallow,Nice work!,http://dummyimage.com/168x100.png/ff4444/ffffff
898,12/17/2011,cferrettinoox,Impressive!,http://dummyimage.com/203x100.png/5fa2dd/ffffff
899,6/10/2010,eloudeoy,Keep it up!,http://dummyimage.com/225x100.png/cc0000/ffffff
900,6/21/2021,lschoffeloz,Nice work!,http://dummyimage.com/123x100.png/dddddd/000000
901,3/12/2011,dtreharnep0,Well done!,http://dummyimage.com/116x100.png/dddddd/000000
902,4/16/2021,mcleetonp1,Nice work!,http://dummyimage.com/210x100.png/cc0000/ffffff
903,3/29/2012,thitchensp2,Keep it up!,http://dummyimage.com/179x100.png/5fa2dd/ffffff
904,8/27/2014,mgorssep3,Nice work!,http://dummyimage.com/134x100.png/cc0000/ffffff
905,12/30/2017,galdermanp4,Keep it up!,http://dummyimage.com/206x100.png/ff4444/ffffff
906,4/8/2012,larthyp5,Well done!,http://dummyimage.com/137x100.png/5fa2dd/ffffff
907,6/29/2016,prishworthp6,Well done!,http://dummyimage.com/216x100.png/dddddd/000000
908,10/24/2024,bdowyerp7,Well done!,http://dummyimage.com/224x100.png/ff4444/ffffff
909,11/16/2013,acockmanp8,Great job!,http://dummyimage.com/149x100.png/ff4444/ffffff
910,2/17/2013,rliggonsp9,Great job!,http://dummyimage.com/230x100.png/cc0000/ffffff
911,2/17/2013,eambroginipa,Keep it up!,http://dummyimage.com/149x100.png/ff4444/ffffff
912,5/17/2021,yhadfieldpb,Well done!,http://dummyimage.com/162x100.png/cc0000/ffffff
913,5/31/2019,cmcglaughnpc,Well done!,http://dummyimage.com/226x100.png/dddddd/000000
914,7/10/2010,plawspd,Great job!,http://dummyimage.com/148x100.png/dddddd/000000
915,2/19/2024,dpethrickpe,Impressive!,http://dummyimage.com/239x100.png/dddddd/000000
916,7/17/2015,gattargepf,Keep it up!,http://dummyimage.com/213x100.png/5fa2dd/ffffff
917,5/23/2018,sdunspg,Keep it up!,http://dummyimage.com/230x100.png/5fa2dd/ffffff
918,10/2/2009,mcarseph,Great job!,http://dummyimage.com/153x100.png/dddddd/000000
919,3/22/2017,wbroschkepi,Great job!,http://dummyimage.com/102x100.png/ff4444/ffffff
920,3/25/2015,pseldnerpj,Well done!,http://dummyimage.com/248x100.png/5fa2dd/ffffff
921,8/12/2019,gyesininpk,Nice work!,http://dummyimage.com/197x100.png/5fa2dd/ffffff
922,7/28/2014,rhelkinpl,Well done!,http://dummyimage.com/225x100.png/5fa2dd/ffffff
923,9/5/2020,cdunckleepm,Impressive!,http://dummyimage.com/137x100.png/dddddd/000000
924,4/2/2023,kmalamorepn,Impressive!,http://dummyimage.com/199x100.png/dddddd/000000
925,12/14/2009,mcundeypo,Impressive!,http://dummyimage.com/161x100.png/dddddd/000000
926,7/29/2023,qfountianpp,Keep it up!,http://dummyimage.com/192x100.png/cc0000/ffffff
927,10/17/2015,dmewpq,Keep it up!,http://dummyimage.com/250x100.png/ff4444/ffffff
928,6/6/2009,dhornungpr,Nice work!,http://dummyimage.com/225x100.png/dddddd/000000
929,12/30/2017,tclifforthps,Nice work!,http://dummyimage.com/119x100.png/cc0000/ffffff
930,3/22/2019,jcheaterpt,Keep it up!,http://dummyimage.com/111x100.png/cc0000/ffffff
931,12/26/2013,vmormanpu,Nice work!,http://dummyimage.com/177x100.png/ff4444/ffffff
932,7/18/2019,cdewerpv,Great job!,http://dummyimage.com/172x100.png/cc0000/ffffff
933,12/22/2021,lhawkespw,Nice work!,http://dummyimage.com/187x100.png/dddddd/000000
934,11/22/2013,biozefovichpx,Well done!,http://dummyimage.com/140x100.png/ff4444/ffffff
935,12/11/2017,rvaiseypy,Well done!,http://dummyimage.com/167x100.png/ff4444/ffffff
936,6/5/2017,cmichinpz,Great job!,http://dummyimage.com/124x100.png/ff4444/ffffff
937,3/15/2024,imailesq0,Keep it up!,http://dummyimage.com/197x100.png/dddddd/000000
938,5/7/2024,hcragheadq1,Keep it up!,http://dummyimage.com/227x100.png/ff4444/ffffff
939,11/13/2018,smyallq2,Well done!,http://dummyimage.com/226x100.png/dddddd/000000
940,7/7/2018,sdabnorq3,Well done!,http://dummyimage.com/177x100.png/5fa2dd/ffffff
941,12/28/2012,ssmithsonq4,Keep it up!,http://dummyimage.com/117x100.png/cc0000/ffffff
942,9/28/2022,lstrickettq5,Impressive!,http://dummyimage.com/246x100.png/cc0000/ffffff
943,9/20/2017,lseageq6,Impressive!,http://dummyimage.com/233x100.png/dddddd/000000
944,12/6/2024,gsargisonq7,Great job!,http://dummyimage.com/175x100.png/5fa2dd/ffffff
945,12/23/2020,nterneq8,Impressive!,http://dummyimage.com/157x100.png/ff4444/ffffff
946,1/29/2014,rscraggsq9,Great job!,http://dummyimage.com/203x100.png/5fa2dd/ffffff
947,4/6/2010,sbettinsonqa,Keep it up!,http://dummyimage.com/166x100.png/5fa2dd/ffffff
948,7/23/2024,lwindebankqb,Keep it up!,http://dummyimage.com/121x100.png/5fa2dd/ffffff
949,1/31/2014,lrainsqc,Well done!,http://dummyimage.com/223x100.png/ff4444/ffffff
950,3/3/2014,llittleqd,Well done!,http://dummyimage.com/132x100.png/cc0000/ffffff
951,11/29/2018,afarnsworthqe,Well done!,http://dummyimage.com/112x100.png/cc0000/ffffff
952,12/12/2021,lyashaevqf,Nice work!,http://dummyimage.com/146x100.png/cc0000/ffffff
953,5/27/2011,spetrielloqg,Great job!,http://dummyimage.com/216x100.png/cc0000/ffffff
954,5/5/2024,zdittqh,Impressive!,http://dummyimage.com/234x100.png/dddddd/000000
955,1/1/2013,hsymperqi,Impressive!,http://dummyimage.com/231x100.png/dddddd/000000
956,6/27/2023,kfayqj,Impressive!,http://dummyimage.com/219x100.png/dddddd/000000
957,5/15/2011,edykesqk,Great job!,http://dummyimage.com/205x100.png/ff4444/ffffff
958,12/9/2013,jwickersonql,Impressive!,http://dummyimage.com/177x100.png/dddddd/000000
959,12/15/2011,dleatherlandqm,Nice work!,http://dummyimage.com/177x100.png/cc0000/ffffff
960,2/2/2020,emoxtedqn,Nice work!,http://dummyimage.com/243x100.png/cc0000/ffffff
961,2/5/2012,ihuishqo,Keep it up!,http://dummyimage.com/119x100.png/ff4444/ffffff
962,8/16/2017,pleemingqp,Keep it up!,http://dummyimage.com/185x100.png/5fa2dd/ffffff
963,12/7/2020,agrocuttqq,Keep it up!,http://dummyimage.com/202x100.png/ff4444/ffffff
964,1/25/2024,iposchelqr,Impressive!,http://dummyimage.com/209x100.png/5fa2dd/ffffff
965,8/13/2021,candriessenqs,Well done!,http://dummyimage.com/189x100.png/dddddd/000000
966,12/11/2024,hmottersheadqt,Keep it up!,http://dummyimage.com/157x100.png/dddddd/000000
967,3/12/2016,sraubenheimqu,Keep it up!,http://dummyimage.com/232x100.png/ff4444/ffffff
968,9/27/2016,nmanganqv,Nice work!,http://dummyimage.com/236x100.png/5fa2dd/ffffff
969,4/27/2015,mmaykinqw,Keep it up!,http://dummyimage.com/179x100.png/ff4444/ffffff
970,6/9/2015,wprozilloqx,Impressive!,http://dummyimage.com/220x100.png/5fa2dd/ffffff
971,2/16/2009,uslightqy,Great job!,http://dummyimage.com/161x100.png/dddddd/000000
972,1/15/2011,agellatelyqz,Well done!,http://dummyimage.com/152x100.png/ff4444/ffffff
973,7/27/2019,npaulmannr0,Well done!,http://dummyimage.com/188x100.png/dddddd/000000
974,11/26/2020,dsjostromr1,Impressive!,http://dummyimage.com/179x100.png/5fa2dd/ffffff
975,12/4/2009,mcufleyr2,Nice work!,http://dummyimage.com/176x100.png/5fa2dd/ffffff
976,2/22/2024,bvansalzbergerr3,Keep it up!,http://dummyimage.com/160x100.png/ff4444/ffffff
977,2/5/2022,hdmisekr4,Nice work!,http://dummyimage.com/138x100.png/cc0000/ffffff
978,3/7/2010,nnormanellr5,Well done!,http://dummyimage.com/186x100.png/cc0000/ffffff
979,7/29/2019,dcheyenner6,Impressive!,http://dummyimage.com/131x100.png/5fa2dd/ffffff
980,6/30/2018,smcgrearyr7,Great job!,http://dummyimage.com/242x100.png/cc0000/ffffff
981,11/2/2022,ggullyr8,Keep it up!,http://dummyimage.com/195x100.png/dddddd/000000
982,11/10/2013,sdutchr9,Keep it up!,http://dummyimage.com/143x100.png/cc0000/ffffff
983,12/12/2008,mtilerra,Nice work!,http://dummyimage.com/211x100.png/cc0000/ffffff
984,7/19/2018,dsandilandrb,Nice work!,http://dummyimage.com/211x100.png/5fa2dd/ffffff
985,8/21/2010,rmauldenrc,Keep it up!,http://dummyimage.com/203x100.png/cc0000/ffffff
986,5/31/2017,mdickrd,Nice work!,http://dummyimage.com/192x100.png/ff4444/ffffff
987,11/30/2022,echecchetellire,Great job!,http://dummyimage.com/183x100.png/ff4444/ffffff
988,9/10/2015,bhelinrf,Great job!,http://dummyimage.com/158x100.png/cc0000/ffffff
989,10/31/2010,dmaccostiganrg,Impressive!,http://dummyimage.com/235x100.png/5fa2dd/ffffff
990,9/15/2015,ihousemanrh,Keep it up!,http://dummyimage.com/234x100.png/dddddd/000000
991,11/23/2015,icanariori,Great job!,http://dummyimage.com/211x100.png/cc0000/ffffff
992,9/2/2010,jwillarsrj,Well done!,http://dummyimage.com/245x100.png/dddddd/000000
993,8/26/2024,sgillinghamsrk,Great job!,http://dummyimage.com/161x100.png/ff4444/ffffff
994,12/18/2019,gtripletrl,Impressive!,http://dummyimage.com/121x100.png/ff4444/ffffff
995,11/1/2014,cwillmontrm,Great job!,http://dummyimage.com/115x100.png/dddddd/000000
996,4/11/2008,hsimeonirn,Great job!,http://dummyimage.com/220x100.png/cc0000/ffffff
997,4/22/2024,mtuppenyro,Great job!,http://dummyimage.com/141x100.png/cc0000/ffffff
998,6/16/2021,lwalcotrp,Nice work!,http://dummyimage.com/113x100.png/cc0000/ffffff
999,6/7/2010,pspeedinrq,Impressive!,http://dummyimage.com/195x100.png/dddddd/000000
1000,2/21/2023,jbeminsterrr,Nice work!,http://dummyimage.com/171x100.png/ff4444/ffffff
